Date,Open,High,Low,Close,Volume,Dividends,Stock Splits,Capital Gains
2024-03-14,45.98,45.98,45.98,45.98,100,0.00,0.00,0.00
2024-03-15,45.96,45.96,45.95,45.95,100,0.00,0.00,0.00
2024-03-18,45.96,45.96,45.94,45.95,600,0.00,0.00,0.00
2024-03-19,45.99,45.99,45.99,45.99,100,0.00,0.00,0.00
2024-03-20,46.06,46.06,46.06,46.06,100,0.00,0.00,0.00
2024-03-21,46.07,46.07,46.06,46.06,100,0.00,0.00,0.00
2024-03-22,46.06,46.06,46.06,46.06,0,0.00,0.00,0.00
2024-03-25,46.10,46.10,46.08,46.08,100,0.00,0.00,0.00
2024-03-26,46.09,46.09,46.09,46.09,200,0.00,0.00,0.00
2024-03-27,46.13,46.14,46.13,46.13,800,0.00,0.00,0.00
2024-03-28,46.12,46.12,46.10,46.10,300,0.00,0.00,0.00
2024-04-01,46.01,46.01,46.01,46.01,100,0.00,0.00,0.00
2024-04-02,46.05,46.05,46.04,46.04,500,0.00,0.00,0.00
2024-04-03,46.07,46.07,46.07,46.07,200,0.00,0.00,0.00
2024-04-04,46.12,46.12,46.12,46.12,100,0.00,0.00,0.00
2024-04-05,46.04,46.04,46.04,46.04,300,0.00,0.00,0.00
2024-04-08,46.03,46.03,46.00,46.00,400,0.00,0.00,0.00
2024-04-09,46.04,46.04,46.04,46.04,100,0.00,0.00,0.00
2024-04-10,45.90,45.90,45.85,45.85,300,0.00,0.00,0.00
2024-04-11,45.88,45.90,45.88,45.90,100,0.00,0.00,0.00
2024-04-12,45.94,45.94,45.94,45.94,100,0.00,0.00,0.00
2024-04-15,45.87,45.91,45.87,45.91,1400,0.00,0.00,0.00
2024-04-16,45.89,45.89,45.89,45.89,100,0.00,0.00,0.00
2024-04-17,45.91,45.94,45.90,45.93,600,0.00,0.00,0.00
2024-04-18,45.90,45.90,45.90,45.90,100,0.00,0.00,0.00
2024-04-19,45.91,45.92,45.91,45.92,400,0.00,0.00,0.00
2024-04-22,45.94,45.94,45.93,45.93,300,0.00,0.00,0.00
2024-04-23,45.97,45.97,45.97,45.97,100,0.00,0.00,0.00
2024-04-24,45.96,45.96,45.96,45.96,100,0.20,0.00,0.00
2024-04-25,45.92,45.92,45.92,45.92,200,0.00,0.00,0.00
2024-04-26,45.93,45.93,45.93,45.93,100,0.00,0.00,0.00
2024-04-29,45.95,45.95,45.95,45.95,100,0.00,0.00,0.00
2024-04-30,45.91,45.91,45.91,45.91,0,0.00,0.00,0.00
2024-05-01,45.94,45.98,45.94,45.98,300,0.00,0.00,0.00
2024-05-02,46.06,46.06,46.06,46.06,0,0.00,0.00,0.00
2024-05-03,46.15,46.15,46.13,46.13,500,0.00,0.00,0.00
2024-05-06,46.13,46.13,46.13,46.13,0,0.00,0.00,0.00
2024-05-07,46.15,46.15,46.13,46.13,500,0.00,0.00,0.00
2024-05-08,46.13,46.13,46.13,46.13,800,0.00,0.00,0.00
2024-05-09,46.18,46.18,46.17,46.17,500,0.00,0.00,0.00
2024-05-10,46.13,46.13,46.13,46.13,0,0.00,0.00,0.00
2024-05-13,46.15,46.15,46.14,46.14,500,0.00,0.00,0.00
2024-05-14,46.18,46.18,46.18,46.18,0,0.00,0.00,0.00
2024-05-15,46.27,46.27,46.26,46.26,300,0.00,0.00,0.00
2024-05-16,46.25,46.25,46.23,46.23,400,0.00,0.00,0.00
2024-05-17,46.22,46.22,46.21,46.21,700,0.00,0.00,0.00
2024-05-20,46.20,46.21,46.20,46.20,1000,0.00,0.00,0.00
2024-05-21,46.23,46.23,46.22,46.22,400,0.00,0.00,0.00
2024-05-22,46.19,46.19,46.19,46.19,100,0.00,0.00,0.00
2024-05-23,46.17,46.17,46.17,46.17,100,0.00,0.00,0.00
2024-05-24,46.16,46.16,46.16,46.16,100,0.20,0.00,0.00
2024-05-28,46.13,46.13,46.13,46.13,0,0.00,0.00,0.00
2024-05-29,46.13,46.13,46.12,46.12,600,0.00,0.00,0.00
2024-05-30,46.17,46.17,46.17,46.17,100,0.00,0.00,0.00
2024-05-31,46.23,46.23,46.23,46.23,100,0.00,0.00,0.00
2024-06-03,46.27,46.28,46.27,46.28,200,0.00,0.00,0.00
2024-06-04,46.33,46.33,46.33,46.33,100,0.00,0.00,0.00
2024-06-05,46.32,46.37,46.32,46.37,700,0.00,0.00,0.00
2024-06-06,46.38,46.38,46.38,46.38,0,0.00,0.00,0.00
2024-06-07,46.29,46.29,46.26,46.26,500,0.00,0.00,0.00
2024-06-10,46.27,46.27,46.27,46.27,200,0.00,0.00,0.00
2024-06-11,46.31,46.32,46.31,46.32,1200,0.00,0.00,0.00
2024-06-12,46.46,46.46,46.39,46.39,200,0.00,0.00,0.00
2024-06-13,46.47,46.47,46.47,46.47,0,0.00,0.00,0.00
2024-06-14,46.47,46.47,46.47,46.47,300,0.00,0.00,0.00
2024-06-17,46.44,46.44,46.42,46.42,900,0.00,0.00,0.00
2024-06-18,46.48,46.48,46.48,46.48,0,0.00,0.00,0.00
2024-06-20,46.46,46.46,46.46,46.46,0,0.00,0.00,0.00
2024-06-21,46.48,46.48,46.48,46.48,0,0.00,0.00,0.00
2024-06-24,46.48,46.48,46.48,46.48,100,0.00,0.00,0.00
2024-06-25,46.48,46.49,46.48,46.49,500,0.20,0.00,0.00
2024-06-26,46.45,46.45,46.45,46.45,100,0.00,0.00,0.00
2024-06-27,46.49,46.49,46.49,46.49,500,0.00,0.00,0.00
2024-06-28,46.52,46.52,46.48,46.48,300,0.00,0.00,0.00
2024-07-01,46.46,46.46,46.46,46.46,3300,0.00,0.00,0.00
2024-07-02,46.50,46.50,46.50,46.50,100,0.00,0.00,0.00
2024-07-03,46.55,46.55,46.55,46.55,100,0.00,0.00,0.00
2024-07-05,46.64,46.64,46.64,46.64,100,0.00,0.00,0.00
2024-07-08,46.63,46.63,46.63,46.63,200,0.00,0.00,0.00
2024-07-09,46.63,46.63,46.63,46.63,100,0.00,0.00,0.00
2024-07-10,46.64,46.64,46.63,46.63,100,0.00,0.00,0.00
2024-07-11,46.75,46.75,46.75,46.75,100,0.00,0.00,0.00
2024-07-12,46.80,46.80,46.80,46.80,200,0.00,0.00,0.00
2024-07-15,46.81,46.83,46.81,46.82,1100,0.00,0.00,0.00
2024-07-16,46.81,46.84,46.81,46.84,300,0.00,0.00,0.00
2024-07-17,46.84,46.84,46.84,46.84,0,0.00,0.00,0.00
2024-07-18,46.84,46.84,46.83,46.83,100,0.00,0.00,0.00
2024-07-19,46.80,46.80,46.80,46.80,100,0.00,0.00,0.00
2024-07-22,46.80,46.80,46.79,46.80,600,0.00,0.00,0.00
2024-07-23,46.82,46.82,46.82,46.82,100,0.00,0.00,0.00
2024-07-24,46.85,46.87,46.85,46.85,700,0.00,0.00,0.00
2024-07-25,46.87,46.87,46.85,46.85,100,0.00,0.00,0.00
2024-07-26,46.91,46.91,46.91,46.91,100,0.20,0.00,0.00
2024-07-29,46.92,46.92,46.92,46.92,100,0.00,0.00,0.00
2024-07-30,46.95,46.95,46.94,46.94,900,0.00,0.00,0.00
2024-07-31,47.02,47.02,47.02,47.02,100,0.00,0.00,0.00
2024-08-01,47.11,47.14,47.11,47.14,300,0.00,0.00,0.00
2024-08-02,47.38,47.40,47.37,47.40,3100,0.00,0.00,0.00
2024-08-05,47.43,47.43,47.36,47.40,1400,0.00,0.00,0.00
2024-08-06,47.31,47.31,47.31,47.31,100,0.00,0.00,0.00
2024-08-07,47.30,47.30,47.30,47.30,200,0.00,0.00,0.00
2024-08-08,47.27,47.27,47.27,47.27,800,0.00,0.00,0.00
2024-08-09,47.29,47.29,47.28,47.28,200,0.00,0.00,0.00
2024-08-12,47.32,47.32,47.32,47.32,100,0.00,0.00,0.00
2024-08-13,47.39,47.39,47.39,47.39,100,0.00,0.00,0.00
2024-08-14,47.41,47.41,47.38,47.38,1300,0.00,0.00,0.00
2024-08-15,47.27,47.27,47.27,47.27,500,0.00,0.00,0.00
2024-08-16,47.30,47.31,47.30,47.31,100,0.00,0.00,0.00
2024-08-19,47.33,47.33,47.33,47.33,100,0.00,0.00,0.00
2024-08-20,47.37,47.38,47.37,47.38,200,0.00,0.00,0.00
2024-08-21,47.43,47.46,47.41,47.46,10500,0.00,0.00,0.00
2024-08-22,47.38,47.38,47.38,47.38,0,0.00,0.00,0.00
2024-08-23,47.47,47.48,47.46,47.47,2000,0.00,0.00,0.00
2024-08-26,47.48,47.48,47.45,47.45,1200,0.00,0.00,0.00
2024-08-27,47.45,47.48,47.45,47.48,100,0.20,0.00,0.00
2024-08-28,47.48,47.48,47.48,47.48,100,0.00,0.00,0.00
2024-08-29,47.46,47.46,47.46,47.46,100,0.00,0.00,0.00
2024-08-30,47.48,47.48,47.46,47.46,5200,0.00,0.00,0.00
2024-09-03,47.52,47.53,47.52,47.53,200,0.00,0.00,0.00
2024-09-04,47.57,47.63,47.57,47.63,13600,0.00,0.00,0.00
2024-09-05,47.61,47.64,47.60,47.64,500,0.00,0.00,0.00
2024-09-06,47.77,47.77,47.72,47.74,200,0.00,0.00,0.00
2024-09-09,47.74,47.74,47.74,47.74,0,0.00,0.00,0.00
2024-09-10,47.80,47.80,47.80,47.80,200,0.00,0.00,0.00
2024-09-11,47.81,47.81,47.76,47.76,200,0.00,0.00,0.00
2024-09-12,47.75,47.77,47.75,47.77,100,0.00,0.00,0.00
2024-09-13,47.83,47.84,47.83,47.84,800,0.00,0.00,0.00
2024-09-16,47.87,47.87,47.87,47.87,1200,0.00,0.00,0.00
2024-09-17,47.84,47.84,47.84,47.84,9200,0.00,0.00,0.00
2024-09-18,47.80,47.83,47.80,47.81,800,0.00,0.00,0.00
2024-09-19,47.84,47.84,47.84,47.84,100,0.00,0.00,0.00
2024-09-20,47.87,47.88,47.87,47.87,2300,0.00,0.00,0.00
2024-09-23,47.84,47.89,47.84,47.87,2000,0.00,0.00,0.00
2024-09-24,47.90,47.91,47.90,47.91,1400,0.00,0.00,0.00
2024-09-25,47.89,47.89,47.88,47.89,2300,0.15,0.00,0.00
2024-09-26,47.83,47.84,47.83,47.84,600,0.00,0.00,0.00
2024-09-27,47.88,47.90,47.88,47.90,1200,0.00,0.00,0.00
2024-09-30,47.87,47.87,47.81,47.83,1000,0.00,0.00,0.00
2024-10-01,47.89,47.89,47.86,47.86,6100,0.00,0.00,0.00
2024-10-02,47.84,47.84,47.84,47.84,100,0.00,0.00,0.00
2024-10-03,47.81,47.81,47.79,47.79,4800,0.00,0.00,0.00
2024-10-04,47.66,47.66,47.61,47.61,1800,0.00,0.00,0.00
2024-10-07,47.56,47.56,47.55,47.55,2700,0.00,0.00,0.00
2024-10-08,47.58,47.58,47.58,47.58,200,0.00,0.00,0.00
2024-10-09,47.55,47.55,47.54,47.54,500,0.00,0.00,0.00
2024-10-10,47.59,47.59,47.59,47.59,200,0.00,0.00,0.00
2024-10-11,47.63,47.64,47.62,47.63,2600,0.00,0.00,0.00
2024-10-14,47.59,47.60,47.59,47.60,1300,0.00,0.00,0.00
2024-10-15,47.64,47.64,47.63,47.63,500,0.00,0.00,0.00
2024-10-16,47.66,47.66,47.65,47.65,3600,0.00,0.00,0.00
2024-10-17,47.63,47.63,47.62,47.62,200,0.00,0.00,0.00
2024-10-18,47.67,47.67,47.66,47.66,1800,0.00,0.00,0.00
2024-10-21,47.60,47.60,47.59,47.59,7300,0.00,0.00,0.00
2024-10-22,47.57,47.59,47.57,47.58,8100,0.00,0.00,0.00
2024-10-23,47.56,47.57,47.55,47.55,2800,0.00,0.00,0.00
2024-10-24,47.57,47.57,47.57,47.57,0,0.00,0.00,0.00
2024-10-25,47.56,47.56,47.56,47.56,100,0.00,0.00,0.00
2024-10-28,47.54,47.54,47.54,47.54,100,0.17,0.00,0.00
2024-10-29,47.52,47.56,47.52,47.56,6700,0.00,0.00,0.00
2024-10-30,47.51,47.51,47.51,47.51,300,0.00,0.00,0.00
2024-10-31,47.52,47.52,47.52,47.52,1000,0.00,0.00,0.00
2024-11-01,47.52,47.52,47.49,47.49,500,0.00,0.00,0.00
2024-11-04,47.54,47.54,47.54,47.54,200,0.00,0.00,0.00
2024-11-05,47.51,47.51,47.51,47.51,100,0.00,0.00,0.00
2024-11-06,47.45,47.45,47.45,47.45,0,0.00,0.00,0.00
2024-11-07,47.53,47.53,47.53,47.53,100,0.00,0.00,0.00
2024-11-08,47.50,47.50,47.50,47.50,100,0.00,0.00,0.00
2024-11-11,47.48,47.48,47.41,47.47,2000,0.00,0.00,0.00
2024-11-12,47.43,47.43,47.43,47.43,100,0.00,0.00,0.00
2024-11-13,47.49,47.49,47.49,47.49,100,0.00,0.00,0.00
2024-11-14,47.52,47.52,47.43,47.43,1000,0.00,0.00,0.00
2024-11-15,47.49,47.49,47.49,47.49,200,0.00,0.00,0.00
2024-11-18,47.52,47.52,47.50,47.50,200,0.00,0.00,0.00
2024-11-19,47.55,47.55,47.51,47.51,2200,0.00,0.00,0.00
2024-11-20,47.50,47.50,47.50,47.50,100,0.00,0.00,0.00
2024-11-21,47.48,47.48,47.45,47.47,1000,0.00,0.00,0.00
2024-11-22,47.47,47.47,47.47,47.47,100,0.00,0.00,0.00
2024-11-25,47.55,47.57,47.55,47.56,1600,0.15,0.00,0.00
2024-11-26,47.56,47.56,47.56,47.56,100,0.00,0.00,0.00
2024-11-27,47.59,47.63,47.59,47.61,14600,0.00,0.00,0.00
2024-11-29,47.66,47.66,47.65,47.66,500,0.00,0.00,0.00
2024-12-02,47.64,47.68,47.64,47.66,400,0.00,0.00,0.00
2024-12-03,47.66,47.66,47.66,47.66,400,0.00,0.00,0.00
2024-12-04,47.71,47.71,47.71,47.71,100,0.00,0.00,0.00
2024-12-05,47.68,47.72,47.67,47.70,7400,0.00,0.00,0.00
2024-12-06,47.79,47.79,47.76,47.78,1300,0.02,0.00,0.00
2024-12-09,47.74,47.75,47.74,47.75,100,0.00,0.00,0.00
2024-12-10,47.73,47.73,47.73,47.73,100,0.00,0.00,0.00
2024-12-11,47.76,47.76,47.72,47.73,200,0.00,0.00,0.00
2024-12-12,47.71,47.74,47.70,47.70,700,0.00,0.00,0.00
2024-12-13,47.68,47.68,47.67,47.68,400,0.00,0.00,0.00
2024-12-16,47.70,47.70,47.68,47.68,300,0.00,0.00,0.00
2024-12-17,47.69,47.69,47.69,47.69,100,0.00,0.00,0.00
2024-12-18,47.60,47.60,47.60,47.60,0,0.00,0.00,0.00
2024-12-19,47.62,47.64,47.62,47.63,300,0.00,0.00,0.00
2024-12-20,47.66,47.66,47.65,47.65,200,0.00,0.00,0.00
2024-12-23,47.63,47.63,47.63,47.63,0,0.00,0.00,0.00
2024-12-24,47.65,47.65,47.65,47.65,100,0.00,0.00,0.00
2024-12-26,47.63,47.65,47.63,47.65,100,0.13,0.00,0.00
2024-12-27,47.67,47.69,47.67,47.67,800,0.00,0.00,0.00
2024-12-30,47.75,47.75,47.74,47.74,2300,0.00,0.00,0.00
2024-12-31,47.77,47.77,47.76,47.76,2100,0.00,0.00,0.00
2025-01-02,47.75,47.75,47.75,47.75,0,0.00,0.00,0.00
2025-01-03,47.75,47.75,47.75,47.75,100,0.00,0.00,0.00
2025-01-06,47.75,47.78,47.75,47.76,700,0.00,0.00,0.00
2025-01-07,47.74,47.74,47.74,47.74,100,0.00,0.00,0.00
2025-01-08,47.76,47.76,47.76,47.76,100,0.00,0.00,0.00
2025-01-10,47.72,47.72,47.69,47.69,200,0.00,0.00,0.00
2025-01-13,47.68,47.69,47.66,47.68,1400,0.00,0.00,0.00
2025-01-14,47.71,47.71,47.70,47.70,1100,0.00,0.00,0.00
2025-01-15,47.80,47.80,47.80,47.80,100,0.00,0.00,0.00
2025-01-16,47.80,47.86,47.80,47.84,800,0.00,0.00,0.00
2025-01-17,47.86,47.86,47.83,47.83,800,0.00,0.00,0.00
2025-01-21,47.85,47.85,47.83,47.84,2600,0.00,0.00,0.00
2025-01-22,47.82,47.82,47.82,47.82,0,0.00,0.00,0.00
2025-01-23,47.85,47.85,47.83,47.84,1600,0.00,0.00,0.00
2025-01-24,47.89,47.89,47.87,47.87,200,0.00,0.00,0.00
2025-01-27,47.94,47.94,47.94,47.94,0,0.00,0.00,0.00
2025-01-28,47.95,47.95,47.94,47.94,1400,0.17,0.00,0.00
2025-01-29,47.96,47.96,47.92,47.92,1400,0.00,0.00,0.00
2025-01-30,47.94,47.94,47.94,47.94,100,0.00,0.00,0.00
2025-01-31,47.98,47.98,47.95,47.95,600,0.00,0.00,0.00
2025-02-03,47.92,47.92,47.92,47.92,4800,0.00,0.00,0.00
2025-02-04,47.96,47.96,47.96,47.96,500,0.00,0.00,0.00
2025-02-05,48.03,48.03,48.00,48.00,2100,0.00,0.00,0.00
2025-02-06,48.00,48.00,47.99,47.99,5100,0.00,0.00,0.00
2025-02-07,47.93,47.93,47.93,47.93,100,0.00,0.00,0.00
2025-02-10,47.95,47.96,47.94,47.94,600,0.00,0.00,0.00
2025-02-11,47.95,47.95,47.94,47.94,900,0.00,0.00,0.00
2025-02-12,47.88,47.88,47.88,47.88,100,0.00,0.00,0.00
2025-02-13,47.94,47.94,47.93,47.93,200,0.00,0.00,0.00
2025-02-14,47.99,47.99,47.99,47.99,100,0.00,0.00,0.00
2025-02-18,47.96,47.96,47.96,47.96,200,0.00,0.00,0.00
2025-02-19,47.99,48.02,47.99,48.01,9400,0.00,0.00,0.00
2025-02-20,48.01,48.03,48.01,48.02,51200,0.00,0.00,0.00
2025-02-21,48.05,48.09,48.05,48.09,10800,0.00,0.00,0.00
2025-02-24,48.11,48.13,48.11,48.11,26900,0.00,0.00,0.00
2025-02-25,48.18,48.18,48.18,48.18,100,0.10,0.00,0.00
2025-02-26,48.16,48.21,48.16,48.21,300,0.00,0.00,0.00
2025-02-27,48.23,48.23,48.22,48.22,1100,0.00,0.00,0.00
2025-02-28,48.30,48.30,48.30,48.30,100,0.00,0.00,0.00
2025-03-03,48.27,48.33,48.27,48.33,2400,0.00,0.00,0.00
2025-03-04,48.39,48.39,48.35,48.35,5300,0.00,0.00,0.00
2025-03-05,48.29,48.29,48.29,48.29,100,0.00,0.00,0.00
2025-03-06,48.34,48.34,48.32,48.32,600,0.00,0.00,0.00
2025-03-07,48.39,48.39,48.31,48.31,3400,0.00,0.00,0.00
2025-03-10,48.40,48.42,48.39,48.41,1100,0.00,0.00,0.00
2025-03-11,48.38,48.38,48.38,48.38,200,0.00,0.00,0.00
2025-03-12,48.36,48.36,48.34,48.34,100,0.00,0.00,0.00
2025-03-13,48.37,48.40,48.37,48.38,300,0.00,0.00,0.00
2025-03-14,48.40,48.40,48.34,48.34,4600,0.00,0.00,0.00
2025-03-17,48.32,48.32,48.32,48.32,100,0.00,0.00,0.00
2025-03-18,48.33,48.33,48.33,48.33,100,0.00,0.00,0.00
2025-03-19,48.36,48.39,48.36,48.39,300,0.00,0.00,0.00
2025-03-20,48.41,48.41,48.41,48.41,100,0.00,0.00,0.00
2025-03-21,48.44,48.44,48.44,48.44,0,0.00,0.00,0.00
2025-03-24,48.38,48.38,48.37,48.37,400,0.00,0.00,0.00
2025-03-25,48.40,48.40,48.39,48.39,600,0.00,0.00,0.00
2025-03-26,48.38,48.38,48.38,48.38,1000,0.17,0.00,0.00
2025-03-27,48.40,48.40,48.40,48.40,400,0.00,0.00,0.00
2025-03-28,48.49,48.49,48.49,48.49,100,0.00,0.00,0.00
2025-03-31,48.51,48.51,48.51,48.51,100,0.00,0.00,0.00
2025-04-01,48.54,48.54,48.53,48.53,700,0.00,0.00,0.00
2025-04-02,48.53,48.55,48.50,48.51,44100,0.00,0.00,0.00
2025-04-03,48.70,48.70,48.65,48.70,1300,0.00,0.00,0.00
2025-04-04,48.88,48.88,48.74,48.74,400,0.00,0.00,0.00
2025-04-07,48.83,48.85,48.65,48.65,7300,0.00,0.00,0.00
2025-04-08,48.67,48.72,48.67,48.70,400,0.00,0.00,0.00
2025-04-09,48.74,48.74,48.56,48.56,12300,0.00,0.00,0.00
2025-04-10,48.61,48.61,48.61,48.61,100,0.00,0.00,0.00
2025-04-11,48.57,48.57,48.50,48.50,1000,0.00,0.00,0.00
2025-04-14,48.60,48.63,48.60,48.63,300,0.00,0.00,0.00
2025-04-15,48.64,48.65,48.63,48.63,1700,0.00,0.00,0.00
2025-04-16,48.68,48.71,48.65,48.70,12000,0.00,0.00,0.00
2025-04-17,48.74,48.74,48.70,48.70,1900,0.00,0.00,0.00
2025-04-21,48.77,48.77,48.74,48.74,800,0.00,0.00,0.00
2025-04-22,48.71,48.72,48.70,48.70,2700,0.00,0.00,0.00
2025-04-23,48.69,48.69,48.65,48.65,600,0.00,0.00,0.00
2025-04-24,48.70,48.72,48.70,48.71,2500,0.00,0.00,0.00
2025-04-25,48.75,48.77,48.75,48.76,900,0.15,0.00,0.00
2025-04-28,48.78,48.82,48.78,48.82,200,0.00,0.00,0.00
2025-04-29,48.80,48.85,48.80,48.85,900,0.00,0.00,0.00
2025-04-30,48.92,48.92,48.92,48.92,100,0.00,0.00,0.00
2025-05-01,48.84,48.84,48.82,48.83,400,0.00,0.00,0.00
2025-05-02,48.75,48.75,48.72,48.72,100,0.00,0.00,0.00
2025-05-05,48.70,48.72,48.70,48.72,1200,0.00,0.00,0.00
2025-05-06,48.75,48.77,48.75,48.77,200,0.00,0.00,0.00
2025-05-07,48.79,48.79,48.79,48.79,0,0.00,0.00,0.00
2025-05-08,48.72,48.72,48.69,48.69,2200,0.00,0.00,0.00
2025-05-09,48.75,48.76,48.71,48.71,700,0.00,0.00,0.00
2025-05-12,48.62,48.63,48.59,48.61,1500,0.00,0.00,0.00
2025-05-13,48.61,48.61,48.59,48.59,700,0.00,0.00,0.00
2025-05-14,48.60,48.60,48.56,48.56,12600,0.00,0.00,0.00
2025-05-15,48.63,48.65,48.63,48.65,200,0.00,0.00,0.00
2025-05-16,48.65,48.65,48.65,48.65,300,0.00,0.00,0.00
2025-05-19,48.67,48.67,48.66,48.66,200,0.00,0.00,0.00
2025-05-20,48.67,48.68,48.67,48.68,200,0.00,0.00,0.00
2025-05-21,48.65,48.65,48.63,48.63,12000,0.00,0.00,0.00
2025-05-22,48.65,48.67,48.65,48.67,5200,0.00,0.00,0.00
2025-05-23,48.70,48.70,48.70,48.70,1200,0.00,0.00,0.00
2025-05-27,48.70,48.72,48.69,48.72,9000,0.17,0.00,0.00
2025-05-28,48.69,48.69,48.69,48.69,100,0.00,0.00,0.00
2025-05-29,48.74,48.74,48.74,48.74,400,0.00,0.00,0.00
2025-05-30,48.74,48.79,48.74,48.79,3800,0.00,0.00,0.00
2025-06-02,48.76,48.76,48.76,48.76,1000,0.00,0.00,0.00
2025-06-03,48.75,48.75,48.75,48.75,100,0.00,0.00,0.00
2025-06-04,48.82,48.83,48.82,48.83,200,0.00,0.00,0.00
2025-06-05,48.83,48.83,48.79,48.79,100,0.00,0.00,0.00
2025-06-06,48.70,48.70,48.70,48.70,0,0.00,0.00,0.00
2025-06-09,48.73,48.73,48.73,48.73,200,0.00,0.00,0.00
2025-06-10,48.74,48.74,48.74,48.74,100,0.00,0.00,0.00
2025-06-11,48.80,48.80,48.80,48.80,100,0.00,0.00,0.00
2025-06-12,48.84,48.84,48.84,48.84,300,0.00,0.00,0.00
2025-06-13,48.82,48.82,48.82,48.82,1000,0.00,0.00,0.00
2025-06-16,48.81,48.81,48.81,48.81,0,0.00,0.00,0.00
2025-06-17,48.84,48.84,48.84,48.84,100,0.00,0.00,0.00
2025-06-18,48.88,48.88,48.85,48.86,700,0.00,0.00,0.00
2025-06-20,48.89,48.89,48.89,48.89,100,0.00,0.00,0.00
2025-06-23,48.98,48.98,48.95,48.95,500,0.00,0.00,0.00
2025-06-24,48.99,48.99,48.99,48.99,300,0.00,0.00,0.00
2025-06-25,48.99,49.01,48.99,49.01,600,0.15,0.00,0.00
2025-06-26,49.28,49.28,49.05,49.05,26600,0.00,0.00,0.00
2025-06-27,49.05,49.05,49.05,49.05,100,0.00,0.00,0.00
2025-06-30,49.05,49.09,49.05,49.06,1100,0.00,0.00,0.00
2025-07-01,49.03,49.05,49.03,49.03,7300,0.00,0.00,0.00
2025-07-02,49.03,49.03,49.03,49.03,100,0.00,0.00,0.00
2025-07-03,48.98,48.98,48.97,48.97,100,0.00,0.00,0.00
2025-07-07,48.96,48.96,48.96,48.96,200,0.00,0.00,0.00
2025-07-08,48.97,48.97,48.95,48.95,200,0.00,0.00,0.00
2025-07-09,48.98,49.01,48.98,49.01,2200,0.00,0.00,0.00
2025-07-10,49.02,49.02,49.00,49.00,16100,0.00,0.00,0.00
2025-07-11,49.00,49.00,48.98,48.99,7800,0.00,0.00,0.00
2025-07-14,49.01,49.02,48.99,49.00,14500,0.00,0.00,0.00
2025-07-15,48.98,48.98,48.94,48.95,1900,0.00,0.00,0.00
2025-07-16,48.99,49.03,48.99,49.02,8200,0.00,0.00,0.00
2025-07-17,49.02,49.02,48.99,48.99,100,0.00,0.00,0.00
2025-07-18,49.05,49.06,49.03,49.05,3800,0.00,0.00,0.00
2025-07-21,49.08,49.08,49.08,49.08,100,0.00,0.00,0.00
2025-07-22,49.10,49.11,49.10,49.10,300,0.00,0.00,0.00
2025-07-23,49.07,49.08,49.06,49.06,7500,0.00,0.00,0.00
2025-07-24,49.03,49.03,49.03,49.03,400,0.00,0.00,0.00
2025-07-25,49.06,49.06,49.05,49.05,5000,0.00,0.00,0.00
2025-07-28,49.05,49.05,49.04,49.05,2400,0.15,0.00,0.00
2025-07-29,49.06,49.10,49.06,49.09,8100,0.00,0.00,0.00
2025-07-30,49.08,49.08,49.04,49.04,2300,0.00,0.00,0.00
2025-07-31,49.05,49.06,49.02,49.04,19000,0.00,0.00,0.00
2025-08-01,49.28,49.29,49.28,49.29,500,0.00,0.00,0.00
2025-08-04,49.29,49.29,49.29,49.29,100,0.00,0.00,0.00
2025-08-05,49.27,49.27,49.27,49.27,100,0.00,0.00,0.00
2025-08-06,49.29,49.29,49.29,49.29,100,0.00,0.00,0.00
2025-08-07,49.28,49.28,49.28,49.28,1900,0.00,0.00,0.00
2025-08-08,49.25,49.25,49.25,49.25,1700,0.00,0.00,0.00
2025-08-11,49.25,49.27,49.25,49.26,1900,0.00,0.00,0.00
2025-08-12,49.29,49.29,49.29,49.29,200,0.00,0.00,0.00
2025-08-13,49.34,49.34,49.34,49.34,100,0.00,0.00,0.00
2025-08-14,49.30,49.30,49.30,49.30,100,0.00,0.00,0.00
2025-08-15,49.32,49.32,49.29,49.29,9700,0.00,0.00,0.00
2025-08-18,49.31,49.31,49.28,49.29,400,0.00,0.00,0.00
2025-08-19,49.32,49.32,49.31,49.31,2600,0.00,0.00,0.00
2025-08-20,49.33,49.33,49.32,49.32,700,0.00,0.00,0.00
2025-08-21,49.29,49.29,49.29,49.29,100,0.00,0.00,0.00
2025-08-22,49.39,49.39,49.39,49.39,100,0.00,0.00,0.00
2025-08-25,49.35,49.36,49.35,49.36,100,0.00,0.00,0.00
2025-08-26,49.41,49.41,49.41,49.41,400,0.15,0.00,0.00
2025-08-27,49.43,49.44,49.43,49.44,700,0.00,0.00,0.00
2025-08-28,49.44,49.44,49.42,49.43,14000,0.00,0.00,0.00
2025-08-29,49.48,49.49,49.48,49.49,48800,0.00,0.00,0.00
2025-09-02,49.47,49.47,49.44,49.45,2400,0.00,0.00,0.00
2025-09-03,49.50,49.50,49.48,49.48,2100,0.00,0.00,0.00
2025-09-04,49.51,49.51,49.51,49.51,100,0.00,0.00,0.00
2025-09-05,49.63,49.64,49.58,49.58,16700,0.00,0.00,0.00
2025-09-08,49.64,49.64,49.62,49.62,1400,0.00,0.00,0.00
2025-09-09,49.63,49.63,49.58,49.59,3600,0.00,0.00,0.00
2025-09-10,49.61,49.61,49.59,49.59,3000,0.00,0.00,0.00
2025-09-11,49.60,49.60,49.60,49.60,100,0.00,0.00,0.00
2025-09-12,49.59,49.59,49.59,49.59,400,0.00,0.00,0.00
2025-09-15,49.62,49.63,49.62,49.63,1100,0.00,0.00,0.00
2025-09-16,49.66,49.66,49.64,49.64,7100,0.00,0.00,0.00
2025-09-17,49.66,49.66,49.62,49.62,1500,0.00,0.00,0.00
2025-09-18,49.59,49.60,49.59,49.60,200,0.00,0.00,0.00
2025-09-19,49.62,49.63,49.61,49.61,7800,0.00,0.00,0.00
2025-09-22,49.62,49.62,49.59,49.59,100,0.00,0.00,0.00
2025-09-23,49.60,49.61,49.60,49.61,3000,0.00,0.00,0.00
2025-09-24,49.59,49.60,49.59,49.60,400,0.00,0.00,0.00
2025-09-25,49.56,49.56,49.54,49.54,14800,0.15,0.00,0.00
2025-09-26,49.56,49.56,49.56,49.56,100,0.00,0.00,0.00
2025-09-29,49.59,49.60,49.59,49.59,1500,0.00,0.00,0.00
2025-09-30,49.63,49.63,49.61,49.61,4500,0.00,0.00,0.00
2025-10-01,49.66,49.68,49.66,49.68,1200,0.00,0.00,0.00
2025-10-02,49.66,49.68,49.66,49.68,5600,0.00,0.00,0.00
2025-10-03,49.68,49.69,49.67,49.67,7900,0.00,0.00,0.00
2025-10-06,49.66,49.67,49.65,49.65,3900,0.00,0.00,0.00
2025-10-07,49.67,49.68,49.67,49.68,500,0.00,0.00,0.00
2025-10-08,49.67,49.69,49.67,49.69,3300,0.00,0.00,0.00
2025-10-09,49.67,49.67,49.67,49.67,100,0.00,0.00,0.00
2025-10-10,49.76,49.76,49.75,49.75,2300,0.00,0.00,0.00
2025-10-13,49.79,49.79,49.77,49.77,100,0.00,0.00,0.00
2025-10-14,49.80,49.80,49.80,49.80,300,0.00,0.00,0.00
2025-10-15,49.77,49.78,49.77,49.78,800,0.00,0.00,0.00
2025-10-16,49.87,49.88,49.86,49.86,6300,0.00,0.00,0.00
2025-10-17,49.86,49.86,49.84,49.84,1600,0.00,0.00,0.00
2025-10-20,49.86,49.86,49.84,49.84,1500,0.00,0.00,0.00
2025-10-21,49.88,49.88,49.85,49.85,5100,0.00,0.00,0.00
2025-10-22,49.87,49.89,49.86,49.87,2300,0.00,0.00,0.00
2025-10-23,49.87,49.87,49.83,49.83,200,0.00,0.00,0.00
2025-10-24,49.88,49.88,49.85,49.85,300,0.00,0.00,0.00
2025-10-27,49.85,49.85,49.84,49.84,100,0.00,0.00,0.00
2025-10-28,49.85,49.85,49.85,49.85,900,0.15,0.00,0.00
2025-10-29,49.86,49.86,49.75,49.75,1800,0.00,0.00,0.00
2025-10-30,49.75,49.76,49.75,49.75,700,0.00,0.00,0.00
2025-10-31,49.78,49.78,49.77,49.77,100,0.00,0.00,0.00
2025-11-03,49.78,49.78,49.77,49.78,700,0.00,0.00,0.00
2025-11-04,49.82,49.82,49.81,49.81,200,0.00,0.00,0.00
2025-11-05,49.76,49.76,49.76,49.76,100,0.00,0.00,0.00
2025-11-06,49.85,49.85,49.81,49.83,5300,0.00,0.00,0.00
2025-11-07,49.84,49.86,49.84,49.85,8100,0.00,0.00,0.00
2025-11-10,49.83,49.83,49.83,49.83,100,0.00,0.00,0.00
2025-11-11,49.87,49.87,49.87,49.87,100,0.00,0.00,0.00
2025-11-12,49.85,49.86,49.85,49.86,200,0.00,0.00,0.00
2025-11-13,49.83,49.83,49.83,49.83,100,0.00,0.00,0.00
2025-11-14,49.83,49.83,49.83,49.83,100,0.00,0.00,0.00
2025-11-17,49.84,49.84,49.84,49.84,200,0.00,0.00,0.00
2025-11-18,49.87,49.88,49.86,49.87,3800,0.00,0.00,0.00
2025-11-19,49.90,49.90,49.87,49.87,700,0.00,0.00,0.00
2025-11-20,49.91,49.91,49.91,49.91,600,0.00,0.00,0.00
2025-11-21,49.98,49.98,49.95,49.96,2600,0.00,0.00,0.00
2025-11-24,49.97,49.97,49.97,49.97,300,0.14,0.00,0.00
2025-11-25,49.98,50.00,49.98,50.00,500,0.00,0.00,0.00
2025-11-26,49.99,49.99,49.97,49.99,6100,0.00,0.00,0.00
2025-11-28,50.00,50.00,50.00,50.00,100,0.00,0.00,0.00
2025-12-01,49.96,49.96,49.95,49.95,300,0.00,0.00,0.00
2025-12-02,49.98,49.98,49.98,49.98,100,0.00,0.00,0.00
2025-12-03,49.99,50.01,49.99,50.01,200,0.00,0.00,0.00
2025-12-04,49.97,49.98,49.97,49.98,400,0.00,0.00,0.00
2025-12-05,49.96,49.96,49.96,49.96,100,0.00,0.00,0.00
2025-12-08,49.96,49.96,49.94,49.94,800,0.00,0.00,0.00
2025-12-09,49.97,49.97,49.93,49.93,8900,0.00,0.00,0.00
2025-12-10,49.95,49.98,49.95,49.96,5000,0.00,0.00,0.00
2025-12-11,49.98,49.98,49.97,49.97,1300,0.00,0.00,0.00
2025-12-12,49.96,49.98,49.95,49.98,9500,0.00,0.00,0.00
2025-12-15,50.01,50.01,50.00,50.00,200,0.00,0.00,0.00
2025-12-16,50.02,50.04,50.02,50.03,300,0.00,0.00,0.00
2025-12-17,50.03,50.03,50.03,50.03,200,0.00,0.00,0.00
2025-12-18,50.06,50.06,50.06,50.06,300,0.00,0.00,0.00
2025-12-19,50.06,50.06,50.04,50.05,800,0.00,0.00,0.00
2025-12-22,50.05,50.05,50.04,50.05,1600,0.00,0.00,0.00
2025-12-23,50.01,50.02,50.01,50.02,200,0.00,0.00,0.00
2025-12-24,50.03,50.04,50.02,50.04,12000,0.00,0.00,0.00
2025-12-26,50.08,50.08,50.08,50.08,200,0.15,0.00,0.00
2025-12-29,50.11,50.11,50.11,50.11,400,0.00,0.00,0.00
2025-12-30,50.11,50.12,50.11,50.12,1800,0.00,0.00,0.00
2025-12-31,50.11,50.13,50.10,50.10,2500,0.00,0.00,0.00
2026-01-02,50.11,50.12,50.11,50.12,2500,0.00,0.00,0.00
2026-01-05,50.13,50.14,50.13,50.14,6800,0.00,0.00,0.00
2026-01-06,50.13,50.14,50.12,50.14,300,0.00,0.00,0.00
2026-01-07,50.14,50.15,50.13,50.14,10800,0.00,0.00,0.00
2026-01-08,50.11,50.14,50.11,50.12,7300,0.00,0.00,0.00
2026-01-09,50.11,50.11,50.09,50.10,2600,0.00,0.00,0.00
2026-01-12,50.10,50.10,50.09,50.10,2700,0.00,0.00,0.00
2026-01-13,50.12,50.12,50.12,50.12,1700,0.00,0.00,0.00
2026-01-14,50.13,50.15,50.13,50.14,11300,0.00,0.00,0.00
2026-01-15,50.13,50.13,50.11,50.11,1200,0.00,0.00,0.00
2026-01-16,50.09,50.09,50.09,50.09,100,0.00,0.00,0.00
2026-01-20,50.09,50.09,50.09,50.09,300,0.00,0.00,0.00
2026-01-21,50.10,50.10,50.10,50.10,100,0.00,0.00,0.00
2026-01-22,50.09,50.09,50.09,50.09,1300,0.00,0.00,0.00
2026-01-23,50.11,50.11,50.10,50.11,1000,0.00,0.00,0.00
2026-01-26,50.13,50.13,50.12,50.12,400,0.00,0.00,0.00
2026-01-27,50.16,50.16,50.13,50.14,2000,0.15,0.00,0.00
2026-01-28,50.14,50.15,50.14,50.14,800,0.00,0.00,0.00
2026-01-29,50.17,50.18,50.17,50.17,6600,0.00,0.00,0.00
2026-01-30,50.20,50.22,50.20,50.21,300,0.00,0.00,0.00
2026-02-02,50.18,50.19,50.17,50.17,9400,0.00,0.00,0.00
2026-02-03,50.16,50.19,50.16,50.18,1000,0.00,0.00,0.00
2026-02-04,50.18,50.20,50.18,50.19,2500,0.00,0.00,0.00
2026-02-05,50.27,50.29,50.25,50.28,1700,0.00,0.00,0.00
2026-02-06,50.27,50.27,50.27,50.27,100,0.00,0.00,0.00
2026-02-09,50.29,50.29,50.28,50.28,600,0.00,0.00,0.00
2026-02-10,50.32,50.32,50.32,50.32,500,0.00,0.00,0.00
2026-02-11,50.28,50.28,50.27,50.27,200,0.00,0.00,0.00
2026-02-12,50.32,50.32,50.32,50.32,100,0.00,0.00,0.00
2026-02-13,50.39,50.39,50.39,50.39,100,0.00,0.00,0.00
2026-02-17,50.38,50.38,50.37,50.37,600,0.00,0.00,0.00
2026-02-18,50.35,50.36,50.35,50.35,2100,0.00,0.00,0.00
2026-02-19,50.35,50.36,50.35,50.35,200,0.00,0.00,0.00
2026-02-20,50.36,50.37,50.34,50.35,7100,0.00,0.00,0.00
2026-02-23,50.39,50.39,50.39,50.39,200,0.00,0.00,0.00
2026-02-24,50.38,50.38,50.38,50.38,900,0.14,0.00,0.00
2026-02-25,50.38,50.38,50.37,50.37,200,0.00,0.00,0.00
2026-02-26,50.40,50.41,50.39,50.41,800,0.00,0.00,0.00
2026-02-27,50.45,50.48,50.45,50.47,3500,0.00,0.00,0.00
2026-03-02,50.41,50.41,50.38,50.39,15600,0.00,0.00,0.00
2026-03-03,50.37,50.37,50.37,50.37,100,0.00,0.00,0.00
2026-03-04,50.34,50.34,50.34,50.34,100,0.00,0.00,0.00
2026-03-05,50.30,50.31,50.30,50.31,400,0.00,0.00,0.00
2026-03-06,50.33,50.33,50.33,50.33,200,0.00,0.00,0.00
2026-03-09,50.32,50.35,50.32,50.35,200,0.00,0.00,0.00
2026-03-10,50.36,50.36,50.32,50.32,3300,0.00,0.00,0.00
2026-03-11,50.27,50.27,50.27,50.27,100,0.00,0.00,0.00
2026-03-12,50.18,50.20,50.16,50.20,500,0.00,0.00,0.00
2026-03-13,50.21,50.21,50.21,50.21,500,0.00,0.00,0.00
2026-03-16,50.24,50.27,50.24,50.27,7200,0.00,0.00,0.00
2026-03-17,50.28,50.28,50.28,50.28,100,0.00,0.00,0.00
2026-03-18,50.20,50.20,50.20,50.20,100,0.00,0.00,0.00
2026-03-19,50.18,50.18,50.18,50.18,100,0.00,0.00,0.00
2026-03-20,50.07,50.08,50.07,50.08,500,0.00,0.00,0.00
2026-03-23,50.14,50.14,50.14,50.14,100,0.00,0.00,0.00
2026-03-24,50.07,50.07,50.07,50.07,100,0.00,0.00,0.00
2026-03-25,50.13,50.13,50.13,50.13,100,0.00,0.00,0.00
2026-03-26,50.02,50.03,50.02,50.03,500,0.14,0.00,0.00
2026-03-27,50.11,50.11,50.11,50.11,200,0.00,0.00,0.00
2026-03-30,50.20,50.20,50.19,50.19,400,0.00,0.00,0.00
2026-03-31,50.22,50.23,50.22,50.23,200,0.00,0.00,0.00
2026-04-01,50.22,50.22,50.22,50.22,800,0.00,0.00,0.00
2026-04-02,50.26,50.26,50.25,50.25,2300,0.00,0.00,0.00
2026-04-06,50.20,50.22,50.20,50.21,3200,0.00,0.00,0.00
2026-04-07,50.20,50.25,50.20,50.25,400,0.00,0.00,0.00
2026-04-08,50.31,50.31,50.29,50.29,5500,0.00,0.00,0.00
2026-04-09,50.28,50.29,50.28,50.29,900,0.00,0.00,0.00
2026-04-10,50.28,50.28,50.28,50.28,100,0.00,0.00,0.00
2026-04-13,50.31,50.32,50.31,50.31,700,0.00,0.00,0.00
2026-04-14,50.32,50.35,50.32,50.35,5300,0.00,0.00,0.00
2026-04-15,50.33,50.34,50.33,50.34,400,0.00,0.00,0.00
2026-04-16,50.33,50.33,50.33,50.33,100,0.00,0.00,0.00
2026-04-17,50.41,50.41,50.41,50.41,100,0.00,0.00,0.00
2026-04-20,50.40,50.40,50.40,50.40,200,0.00,0.00,0.00
2026-04-21,50.34,50.35,50.34,50.34,2500,0.00,0.00,0.00
2026-04-22,50.35,50.35,50.33,50.35,1900,0.00,0.00,0.00
2026-04-23,50.33,50.33,50.33,50.33,2200,0.00,0.00,0.00
2026-04-24,50.34,50.39,50.34,50.39,3000,0.00,0.00,0.00
2026-04-27,50.38,50.38,50.37,50.37,4400,0.14,0.00,0.00
2026-04-28,50.35,50.35,50.34,50.34,600,0.00,0.00,0.00
2026-04-29,50.31,50.31,50.27,50.27,1700,0.00,0.00,0.00
2026-04-30,50.30,50.31,50.30,50.30,2600,0.00,0.00,0.00
2026-05-01,50.33,50.33,50.32,50.32,1500,0.00,0.00,0.00
2026-05-04,50.31,50.31,50.26,50.27,6300,0.00,0.00,0.00
2026-05-05,50.29,50.30,50.29,50.29,7700,0.00,0.00,0.00
2026-05-06,50.37,50.37,50.36,50.36,400,0.00,0.00,0.00
2026-05-07,50.37,50.37,50.32,50.32,200,0.00,0.00,0.00
2026-05-08,50.36,50.36,50.35,50.36,1000,0.00,0.00,0.00
2026-05-11,50.31,50.31,50.31,50.31,100,0.00,0.00,0.00
2026-05-12,50.28,50.28,50.28,50.28,100,0.00,0.00,0.00
2026-05-13,50.27,50.29,50.27,50.29,1100,0.00,0.00,0.00
2026-05-14,50.29,50.30,50.27,50.27,600,0.00,0.00,0.00
2026-05-15,50.22,50.22,50.22,50.22,600,0.00,0.00,0.00
2026-05-18,50.24,50.24,50.23,50.23,500,0.00,0.00,0.00
2026-05-19,50.20,50.20,50.20,50.20,200,0.00,0.00,0.00
2026-05-20,50.27,50.27,50.27,50.27,900,0.00,0.00,0.00
2026-05-21,50.23,50.25,50.23,50.25,1100,0.00,0.00,0.00
2026-05-22,50.25,50.25,50.24,50.24,200,0.00,0.00,0.00
2026-05-26,50.28,50.29,50.28,50.29,500,0.15,0.00,0.00
2026-05-27,50.32,50.32,50.31,50.31,500,0.00,0.00,0.00
2026-05-28,50.33,50.33,50.33,50.33,2700,0.00,0.00,0.00
2026-05-29,50.38,50.38,50.38,50.38,2000,0.00,0.00,0.00
2026-06-01,50.30,50.33,50.30,50.33,8000,0.00,0.00,0.00
2026-06-02,50.33,50.33,50.33,50.33,100,0.00,0.00,0.00
2026-06-03,50.30,50.30,50.30,50.30,100,0.00,0.00,0.00
2026-06-04,50.35,50.35,50.33,50.33,500,0.00,0.00,0.00
2026-06-05,50.24,50.25,50.24,50.25,2300,0.00,0.00,0.00
2026-06-08,50.25,50.25,50.25,50.25,400,0.00,0.00,0.00
2026-06-09,50.28,50.30,50.28,50.29,400,0.00,0.00,0.00
2026-06-10,50.30,50.30,50.29,50.29,600,0.00,0.00,0.00
2026-06-11,50.38,50.38,50.38,50.38,200,0.00,0.00,0.00
2026-06-12,50.36,50.36,50.36,50.36,1200,0.00,0.00,0.00
2026-06-15,50.38,50.38,50.38,50.38,100,0.00,0.00,0.00
2026-06-16,50.38,50.40,50.38,50.40,14400,0.00,0.00,0.00
2026-06-17,50.26,50.26,50.26,50.26,100,0.00,0.00,0.00
2026-06-18,50.33,50.33,50.31,50.31,800,0.00,0.00,0.00
2026-06-22,50.27,50.27,50.27,50.27,100,0.00,0.00,0.00
2026-06-23,50.31,50.31,50.31,50.31,100,0.00,0.00,0.00
