Date,RSI_7,RSI_14,RSI_Sinal
2016-01-04,,,Neutro
2016-01-05,,,Neutro
2016-01-06,0.00,0.00,Sobrevendido
2016-01-07,0.00,0.00,Sobrevendido
2016-01-08,0.00,0.00,Sobrevendido
2016-01-11,0.00,0.00,Sobrevendido
2016-01-12,0.00,0.00,Sobrevendido
2016-01-13,0.00,0.00,Sobrevendido
2016-01-14,0.00,0.00,Sobrevendido
2016-01-15,0.00,0.00,Sobrevendido
2016-01-19,0.00,0.00,Sobrevendido
2016-01-20,0.00,0.00,Sobrevendido
2016-01-21,14.75,7.69,Sobrevendido
2016-01-22,40.91,25.00,Sobrevendido
2016-01-25,40.91,25.00,Sobrevendido
2016-01-26,47.37,25.00,Sobrevendido
2016-01-27,55.38,24.66,Sobrevendido
2016-01-28,62.34,33.80,Neutro
2016-01-29,78.69,41.03,Neutro
2016-02-01,75.00,42.48,Neutro
2016-02-02,63.89,47.58,Neutro
2016-02-03,42.59,41.55,Neutro
2016-02-04,58.11,52.67,Neutro
2016-02-05,51.19,53.02,Neutro
2016-02-08,28.97,42.93,Neutro
2016-02-09,30.91,47.95,Neutro
2016-02-10,30.91,45.06,Neutro
2016-02-11,23.23,34.07,Neutro
2016-02-12,32.56,36.43,Neutro
2016-02-16,30.12,43.31,Neutro
2016-02-17,41.67,47.22,Neutro
2016-02-18,100.00,42.42,Neutro
2016-02-19,100.00,52.20,Neutro
2016-02-22,100.00,52.20,Neutro
2016-02-23,100.00,49.67,Neutro
2016-02-24,77.05,51.02,Neutro
2016-02-25,79.71,52.63,Neutro
2016-02-26,79.71,62.02,Neutro
2016-02-29,79.71,85.11,Sobrecomprado
2016-03-01,79.41,88.03,Sobrecomprado
2016-03-02,80.56,88.43,Sobrecomprado
2016-03-03,82.28,89.31,Sobrecomprado
2016-03-04,100.00,89.63,Sobrecomprado
2016-03-07,100.00,88.62,Sobrecomprado
2016-03-08,79.41,79.56,Sobrecomprado
2016-03-09,79.71,79.71,Sobrecomprado
2016-03-10,53.70,68.03,Neutro
2016-03-11,69.88,74.84,Sobrecomprado
2016-03-14,65.75,74.34,Sobrecomprado
2016-03-15,60.94,81.88,Sobrecomprado
2016-03-16,52.31,73.95,Sobrecomprado
2016-03-17,66.67,73.95,Sobrecomprado
2016-03-18,79.01,79.33,Sobrecomprado
2016-03-21,90.14,74.40,Sobrecomprado
2016-03-22,67.39,68.99,Neutro
2016-03-23,68.09,66.67,Neutro
2016-03-24,68.09,63.96,Neutro
2016-03-28,78.05,62.26,Neutro
2016-03-29,78.05,71.74,Sobrecomprado
2016-03-30,62.50,75.24,Sobrecomprado
2016-03-31,65.22,84.04,Sobrecomprado
2016-04-01,100.00,75.41,Sobrecomprado
2016-04-04,53.85,63.01,Neutro
2016-04-05,32.56,51.11,Neutro
2016-04-06,34.09,55.29,Neutro
2016-04-07,35.56,55.81,Neutro
2016-04-08,23.68,38.71,Neutro
2016-04-11,36.96,46.38,Neutro
2016-04-12,48.21,59.15,Neutro
2016-04-13,61.36,58.57,Neutro
2016-04-14,100.00,68.48,Neutro
2016-04-15,96.00,67.02,Neutro
2016-04-18,85.45,63.00,Neutro
2016-04-19,83.33,56.98,Neutro
2016-04-20,88.41,67.83,Neutro
2016-04-21,73.91,62.40,Neutro
2016-04-22,73.91,69.03,Neutro
2016-04-25,58.00,78.79,Sobrecomprado
2016-04-26,60.42,78.57,Sobrecomprado
2016-04-27,69.05,78.35,Sobrecomprado
2016-04-28,69.05,76.67,Sobrecomprado
2016-04-29,0.00,61.62,Neutro
2016-05-02,20.00,59.57,Neutro
2016-05-03,12.50,51.38,Neutro
2016-05-04,10.64,35.05,Neutro
2016-05-05,10.00,34.69,Neutro
2016-05-06,9.09,35.05,Neutro
2016-05-09,9.09,35.05,Neutro
2016-05-10,13.16,7.35,Sobrevendido
2016-05-11,0.00,8.62,Sobrevendido
2016-05-12,0.00,8.62,Sobrevendido
2016-05-13,0.00,9.09,Sobrevendido
2016-05-16,70.59,25.37,Sobrevendido
2016-05-17,100.00,25.37,Sobrevendido
2016-05-18,100.00,25.37,Sobrevendido
2016-05-19,38.71,24.64,Sobrevendido
2016-05-20,38.71,18.75,Sobrevendido
2016-05-23,56.82,40.32,Neutro
2016-05-24,56.82,48.08,Neutro
2016-05-25,68.85,69.23,Neutro
2016-05-26,70.77,75.32,Sobrecomprado
2016-05-27,67.65,72.50,Sobrecomprado
2016-05-31,94.23,73.49,Sobrecomprado
2016-06-01,94.23,73.49,Sobrecomprado
2016-06-02,92.31,73.49,Sobrecomprado
2016-06-03,93.18,75.00,Sobrecomprado
2016-06-06,88.89,75.00,Sobrecomprado
2016-06-07,89.66,76.60,Sobrecomprado
2016-06-08,100.00,76.60,Sobrecomprado
2016-06-09,100.00,96.00,Sobrecomprado
2016-06-10,46.94,71.29,Sobrecomprado
2016-06-13,33.82,55.14,Neutro
2016-06-14,22.78,47.97,Neutro
2016-06-15,22.78,39.62,Neutro
2016-06-16,16.00,36.54,Neutro
2016-06-17,17.11,38.24,Neutro
2016-06-20,40.00,50.78,Neutro
2016-06-21,52.50,50.39,Neutro
2016-06-22,72.46,53.28,Neutro
2016-06-23,95.71,57.05,Neutro
2016-06-24,46.22,36.87,Neutro
2016-06-27,33.13,27.80,Sobrevendido
2016-06-28,42.19,35.07,Neutro
2016-06-29,31.90,35.07,Neutro
2016-06-30,48.11,49.32,Neutro
2016-07-01,46.08,52.75,Neutro
2016-07-05,38.50,53.33,Neutro
2016-07-06,53.85,50.38,Neutro
2016-07-07,81.91,50.77,Neutro
2016-07-08,74.63,50.58,Neutro
2016-07-11,83.96,52.42,Neutro
2016-07-12,69.64,52.61,Neutro
2016-07-13,74.63,53.14,Neutro
2016-07-14,92.59,50.00,Neutro
2016-07-15,100.00,67.33,Neutro
2016-07-18,100.00,88.96,Sobrecomprado
2016-07-19,89.55,82.09,Sobrecomprado
2016-07-20,81.08,83.22,Sobrecomprado
2016-07-21,81.08,74.19,Sobrecomprado
2016-07-22,73.08,74.19,Sobrecomprado
2016-07-25,73.08,86.25,Sobrecomprado
2016-07-26,58.82,90.79,Sobrecomprado
2016-07-27,56.25,90.79,Sobrecomprado
2016-07-28,100.00,90.79,Sobrecomprado
2016-07-29,,81.08,Sobrecomprado
2016-08-01,,81.08,Sobrecomprado
2016-08-02,100.00,76.67,Sobrecomprado
2016-08-03,66.67,71.88,Sobrecomprado
2016-08-04,83.33,68.97,Neutro
2016-08-05,90.91,76.32,Sobrecomprado
2016-08-08,90.91,93.55,Sobrecomprado
2016-08-09,93.94,93.94,Sobrecomprado
2016-08-10,93.94,93.94,Sobrecomprado
2016-08-11,94.59,95.12,Sobrecomprado
2016-08-12,94.59,90.70,Sobrecomprado
2016-08-15,94.87,92.16,Sobrecomprado
2016-08-16,79.41,83.93,Sobrecomprado
2016-08-17,71.05,78.33,Sobrecomprado
2016-08-18,59.26,78.33,Sobrecomprado
2016-08-19,62.07,79.03,Sobrecomprado
2016-08-22,43.48,75.00,Sobrecomprado
2016-08-23,47.62,77.59,Sobrecomprado
2016-08-24,15.38,75.00,Sobrecomprado
2016-08-25,14.29,60.42,Neutro
2016-08-26,10.53,50.88,Neutro
2016-08-29,37.04,48.15,Neutro
2016-08-30,30.77,47.27,Neutro
2016-08-31,33.33,38.30,Neutro
2016-09-01,36.00,41.30,Neutro
2016-09-02,56.76,46.00,Neutro
2016-09-06,76.19,60.71,Neutro
2016-09-07,97.14,66.67,Neutro
2016-09-08,96.30,66.67,Neutro
2016-09-09,100.00,65.38,Neutro
2016-09-12,39.39,37.78,Neutro
2016-09-13,32.47,33.33,Neutro
2016-09-14,25.71,36.45,Neutro
2016-09-15,11.86,38.61,Neutro
2016-09-16,8.77,42.39,Neutro
2016-09-19,17.46,41.11,Neutro
2016-09-20,17.46,41.57,Neutro
2016-09-21,47.83,41.57,Neutro
2016-09-22,100.00,58.40,Neutro
2016-09-23,78.18,48.80,Neutro
2016-09-26,66.15,40.32,Neutro
2016-09-27,66.15,39.34,Neutro
2016-09-28,64.52,40.80,Neutro
2016-09-29,64.52,40.80,Neutro
2016-09-30,68.57,63.44,Neutro
2016-10-03,28.95,68.60,Neutro
2016-10-04,33.33,61.36,Neutro
2016-10-05,62.50,64.95,Neutro
2016-10-06,55.56,62.38,Neutro
2016-10-07,43.59,56.44,Neutro
2016-10-10,43.59,56.44,Neutro
2016-10-11,18.00,47.50,Neutro
2016-10-12,28.00,28.41,Sobrevendido
2016-10-13,32.56,32.89,Neutro
2016-10-14,13.51,36.23,Neutro
2016-10-17,12.50,32.89,Neutro
2016-10-18,39.58,41.38,Neutro
2016-10-19,45.28,44.57,Neutro
2016-10-20,66.67,38.37,Neutro
2016-10-21,51.35,37.93,Neutro
2016-10-24,60.87,47.19,Neutro
2016-10-25,60.87,39.76,Neutro
2016-10-26,71.79,41.77,Neutro
2016-10-27,42.42,40.74,Neutro
2016-10-28,34.48,41.46,Neutro
2016-10-31,32.26,50.75,Neutro
2016-11-01,34.48,43.94,Neutro
2016-11-02,5.00,43.94,Neutro
2016-11-03,2.56,34.12,Neutro
2016-11-04,7.32,38.75,Neutro
2016-11-07,34.78,37.97,Neutro
2016-11-08,47.37,43.02,Neutro
2016-11-09,42.86,39.36,Neutro
2016-11-10,55.56,49.50,Neutro
2016-11-11,46.51,38.68,Neutro
2016-11-14,62.50,39.81,Neutro
2016-11-15,64.71,43.12,Neutro
2016-11-16,56.36,46.53,Neutro
2016-11-17,44.19,46.00,Neutro
2016-11-18,61.11,49.49,Neutro
2016-11-21,54.84,55.34,Neutro
2016-11-22,100.00,55.34,Neutro
2016-11-23,100.00,70.37,Sobrecomprado
2016-11-25,100.00,69.62,Neutro
2016-11-28,100.00,66.20,Neutro
2016-11-29,100.00,62.50,Neutro
2016-11-30,85.71,70.18,Sobrecomprado
2016-12-01,43.48,50.00,Neutro
2016-12-02,43.48,67.50,Neutro
2016-12-05,64.86,75.93,Sobrecomprado
2016-12-06,70.45,76.36,Sobrecomprado
2016-12-07,77.97,82.67,Sobrecomprado
2016-12-08,77.19,83.33,Sobrecomprado
2016-12-09,81.82,82.89,Sobrecomprado
2016-12-12,97.83,79.71,Sobrecomprado
2016-12-13,98.39,83.53,Sobrecomprado
2016-12-14,71.21,68.93,Neutro
2016-12-15,66.67,68.27,Neutro
2016-12-16,45.45,64.08,Neutro
2016-12-19,41.46,62.24,Neutro
2016-12-20,48.94,66.67,Neutro
2016-12-21,47.92,72.34,Sobrecomprado
2016-12-22,19.44,69.39,Neutro
2016-12-23,42.11,64.71,Neutro
2016-12-27,50.00,62.50,Neutro
2016-12-28,47.62,46.15,Neutro
2016-12-29,47.62,43.55,Neutro
2016-12-30,35.29,45.31,Neutro
2017-01-03,43.75,46.88,Neutro
2017-01-04,83.87,49.25,Neutro
2017-01-05,86.84,71.93,Sobrecomprado
2017-01-06,86.11,73.21,Sobrecomprado
2017-01-09,93.94,75.93,Sobrecomprado
2017-01-10,94.29,76.79,Sobrecomprado
2017-01-11,85.71,69.23,Neutro
2017-01-12,85.29,72.00,Sobrecomprado
2017-01-13,79.17,81.82,Sobrecomprado
2017-01-17,52.38,74.58,Sobrecomprado
2017-01-18,50.00,72.41,Sobrecomprado
2017-01-19,55.00,79.25,Sobrecomprado
2017-01-20,55.00,80.00,Sobrecomprado
2017-01-23,57.89,75.93,Sobrecomprado
2017-01-24,73.33,79.69,Sobrecomprado
2017-01-25,78.95,79.03,Sobrecomprado
2017-01-26,88.24,74.55,Sobrecomprado
2017-01-27,78.95,68.33,Neutro
2017-01-30,65.22,62.12,Neutro
2017-01-31,58.33,57.35,Neutro
2017-02-01,66.04,63.89,Neutro
2017-02-02,57.14,63.89,Neutro
2017-02-03,51.35,65.33,Neutro
2017-02-06,44.19,63.64,Neutro
2017-02-07,51.28,64.94,Neutro
2017-02-08,65.62,65.38,Neutro
2017-02-09,81.58,68.60,Neutro
2017-02-10,80.56,71.91,Sobrecomprado
2017-02-13,80.56,67.95,Neutro
2017-02-14,76.67,62.69,Neutro
2017-02-15,100.00,63.64,Neutro
2017-02-16,100.00,74.67,Sobrecomprado
2017-02-17,97.22,82.35,Sobrecomprado
2017-02-21,97.14,89.04,Sobrecomprado
2017-02-22,93.55,86.57,Sobrecomprado
2017-02-23,94.59,87.67,Sobrecomprado
2017-02-24,69.05,72.22,Sobrecomprado
2017-02-27,71.11,80.88,Sobrecomprado
2017-02-28,51.43,76.06,Sobrecomprado
2017-03-01,52.94,75.71,Sobrecomprado
2017-03-02,36.00,71.67,Sobrecomprado
2017-03-03,58.33,74.63,Sobrecomprado
2017-03-06,41.67,68.49,Neutro
2017-03-07,51.72,61.97,Neutro
2017-03-08,42.86,60.27,Neutro
2017-03-09,46.15,49.18,Neutro
2017-03-10,56.25,54.55,Neutro
2017-03-13,65.85,54.55,Neutro
2017-03-14,42.86,50.70,Neutro
2017-03-15,68.89,56.79,Neutro
2017-03-16,78.26,68.00,Neutro
2017-03-17,82.22,67.12,Neutro
2017-03-20,84.09,70.00,Neutro
2017-03-21,81.58,70.00,Neutro
2017-03-22,48.89,56.98,Neutro
2017-03-23,63.83,54.88,Neutro
2017-03-24,45.16,59.21,Neutro
2017-03-27,34.62,62.50,Neutro
2017-03-28,43.33,66.67,Neutro
2017-03-29,48.39,69.33,Neutro
2017-03-30,50.00,67.14,Neutro
2017-03-31,100.00,62.30,Neutro
2017-04-03,42.11,57.58,Neutro
2017-04-04,52.17,48.15,Neutro
2017-04-05,57.69,46.15,Neutro
2017-04-06,37.04,40.35,Neutro
2017-04-07,32.00,41.07,Neutro
2017-04-10,32.00,42.11,Neutro
2017-04-11,29.63,55.81,Neutro
2017-04-12,44.44,43.24,Neutro
2017-04-13,28.57,43.24,Neutro
2017-04-17,28.57,47.50,Neutro
2017-04-18,30.77,35.00,Neutro
2017-04-19,20.00,26.67,Sobrevendido
2017-04-20,42.86,37.74,Neutro
2017-04-21,51.72,41.07,Neutro
2017-04-24,76.00,67.65,Neutro
2017-04-25,81.54,72.15,Sobrecomprado
2017-04-26,80.65,71.05,Sobrecomprado
2017-04-27,81.97,72.97,Sobrecomprado
2017-04-28,89.29,71.05,Sobrecomprado
2017-05-01,88.68,72.84,Sobrecomprado
2017-05-02,88.00,74.68,Sobrecomprado
2017-05-03,77.78,76.62,Sobrecomprado
2017-05-04,53.85,76.92,Sobrecomprado
2017-05-05,53.85,76.00,Sobrecomprado
2017-05-08,89.47,83.75,Sobrecomprado
2017-05-09,94.44,90.54,Sobrecomprado
2017-05-10,92.31,89.39,Sobrecomprado
2017-05-11,92.31,88.89,Sobrecomprado
2017-05-12,92.31,82.50,Sobrecomprado
2017-05-15,95.24,79.41,Sobrecomprado
2017-05-16,96.00,81.58,Sobrecomprado
2017-05-17,93.33,91.18,Sobrecomprado
2017-05-18,42.42,60.78,Neutro
2017-05-19,54.76,63.64,Neutro
2017-05-22,54.76,63.64,Neutro
2017-05-23,54.76,63.64,Neutro
2017-05-24,57.78,69.70,Neutro
2017-05-25,60.42,72.60,Sobrecomprado
2017-05-26,56.86,65.15,Neutro
2017-05-30,80.56,62.32,Neutro
2017-05-31,76.67,63.89,Neutro
2017-06-01,79.41,65.79,Neutro
2017-06-02,86.54,72.34,Sobrecomprado
2017-06-05,75.00,66.29,Neutro
2017-06-06,61.90,61.11,Neutro
2017-06-07,68.29,61.96,Neutro
2017-06-08,71.79,76.00,Sobrecomprado
2017-06-09,53.33,62.67,Neutro
2017-06-12,48.78,62.67,Neutro
2017-06-13,36.36,67.06,Neutro
2017-06-14,48.48,63.64,Neutro
2017-06-15,37.21,49.41,Neutro
2017-06-16,41.30,54.02,Neutro
2017-06-19,56.14,62.50,Neutro
2017-06-20,55.17,54.37,Neutro
2017-06-21,52.46,50.98,Neutro
2017-06-22,47.27,43.18,Neutro
2017-06-23,43.14,45.24,Neutro
2017-06-26,66.67,51.76,Neutro
2017-06-27,54.76,47.73,Neutro
2017-06-28,54.76,55.56,Neutro
2017-06-29,45.10,50.46,Neutro
2017-06-30,55.36,53.85,Neutro
2017-07-03,53.70,50.46,Neutro
2017-07-05,50.88,47.22,Neutro
2017-07-06,40.35,51.52,Neutro
2017-07-07,41.07,46.94,Neutro
2017-07-10,37.74,45.26,Neutro
2017-07-11,62.86,52.33,Neutro
2017-07-12,69.77,61.62,Neutro
2017-07-13,68.29,60.00,Neutro
2017-07-14,78.26,63.11,Neutro
2017-07-17,91.11,62.75,Neutro
2017-07-18,100.00,65.98,Neutro
2017-07-19,100.00,64.13,Neutro
2017-07-20,100.00,83.12,Sobrecomprado
2017-07-21,86.67,76.71,Sobrecomprado
2017-07-24,87.10,76.39,Sobrecomprado
2017-07-25,82.61,79.71,Sobrecomprado
2017-07-26,85.19,88.89,Sobrecomprado
2017-07-27,76.67,90.14,Sobrecomprado
2017-07-28,62.50,85.71,Sobrecomprado
2017-07-31,52.63,85.25,Sobrecomprado
2017-08-01,76.19,82.35,Sobrecomprado
2017-08-02,75.00,82.35,Sobrecomprado
2017-08-03,68.18,75.56,Sobrecomprado
2017-08-04,50.00,73.17,Sobrecomprado
2017-08-07,63.64,73.17,Sobrecomprado
2017-08-08,77.78,66.67,Neutro
2017-08-09,38.89,45.95,Neutro
2017-08-10,2.86,30.36,Neutro
2017-08-11,8.11,31.58,Neutro
2017-08-14,34.69,45.07,Neutro
2017-08-15,33.33,37.10,Neutro
2017-08-16,42.86,46.27,Neutro
2017-08-17,32.43,37.35,Neutro
2017-08-18,34.29,35.23,Neutro
2017-08-21,48.98,29.76,Sobrevendido
2017-08-22,59.02,39.80,Neutro
2017-08-23,45.83,40.21,Neutro
2017-08-24,45.83,39.58,Neutro
2017-08-25,46.94,44.76,Neutro
2017-08-28,63.89,42.73,Neutro
2017-08-29,74.19,46.53,Neutro
2017-08-30,81.25,61.73,Neutro
2017-08-31,76.00,63.95,Neutro
2017-09-01,85.71,62.65,Neutro
2017-09-05,69.77,57.14,Neutro
2017-09-06,58.33,51.76,Neutro
2017-09-07,67.74,65.67,Neutro
2017-09-08,72.22,73.13,Sobrecomprado
2017-09-11,78.26,79.49,Sobrecomprado
2017-09-12,74.36,75.00,Sobrecomprado
2017-09-13,67.74,77.27,Sobrecomprado
2017-09-14,92.00,77.94,Sobrecomprado
2017-09-15,100.00,75.81,Sobrecomprado
2017-09-18,100.00,82.46,Sobrecomprado
2017-09-19,100.00,82.46,Sobrecomprado
2017-09-20,100.00,82.76,Sobrecomprado
2017-09-21,100.00,80.39,Sobrecomprado
2017-09-22,81.82,71.43,Sobrecomprado
2017-09-25,36.84,68.18,Neutro
2017-09-26,36.84,73.33,Sobrecomprado
2017-09-27,36.84,73.33,Sobrecomprado
2017-09-28,36.84,70.00,Neutro
2017-09-29,55.56,69.23,Neutro
2017-10-02,58.62,70.73,Sobrecomprado
2017-10-03,62.96,68.42,Neutro
2017-10-04,100.00,71.43,Sobrecomprado
2017-10-05,100.00,74.47,Sobrecomprado
2017-10-06,90.32,70.00,Neutro
2017-10-09,84.85,67.31,Neutro
2017-10-10,82.76,69.64,Neutro
2017-10-11,83.87,71.67,Sobrecomprado
2017-10-12,85.29,75.41,Sobrecomprado
2017-10-13,84.85,91.07,Sobrecomprado
2017-10-16,80.00,90.57,Sobrecomprado
2017-10-17,83.33,87.27,Sobrecomprado
2017-10-18,92.31,88.14,Sobrecomprado
2017-10-19,69.57,76.92,Sobrecomprado
2017-10-20,70.83,78.18,Sobrecomprado
2017-10-23,53.85,71.67,Sobrecomprado
2017-10-24,42.86,68.52,Neutro
2017-10-25,27.27,50.00,Neutro
2017-10-26,37.14,55.93,Neutro
2017-10-27,29.03,57.89,Neutro
2017-10-30,51.43,58.62,Neutro
2017-10-31,56.41,61.90,Neutro
2017-11-01,70.00,63.64,Neutro
2017-11-02,72.09,62.50,Neutro
2017-11-03,100.00,62.50,Neutro
2017-11-06,100.00,66.15,Neutro
2017-11-07,88.24,60.00,Neutro
2017-11-08,86.21,67.19,Neutro
2017-11-09,59.26,57.58,Neutro
2017-11-10,41.67,59.37,Neutro
2017-11-13,23.33,52.05,Neutro
2017-11-14,23.33,62.30,Neutro
2017-11-15,11.76,53.13,Neutro
2017-11-16,40.91,61.54,Neutro
2017-11-17,32.56,54.17,Neutro
2017-11-20,45.00,50.75,Neutro
2017-11-21,48.65,45.90,Neutro
2017-11-22,75.61,53.52,Neutro
2017-11-24,80.39,59.26,Neutro
2017-11-27,83.67,54.22,Neutro
2017-11-28,81.82,61.36,Neutro
2017-11-29,73.47,54.35,Neutro
2017-11-30,73.47,60.67,Neutro
2017-12-01,66.67,59.34,Neutro
2017-12-04,60.87,67.82,Neutro
2017-12-05,43.90,64.13,Neutro
2017-12-06,48.65,68.60,Neutro
2017-12-07,32.14,62.50,Neutro
2017-12-08,59.26,68.42,Neutro
2017-12-11,63.33,69.62,Neutro
2017-12-12,79.31,71.08,Sobrecomprado
2017-12-13,79.31,68.00,Neutro
2017-12-14,69.70,55.41,Neutro
2017-12-15,75.00,61.64,Neutro
2017-12-18,82.69,65.00,Neutro
2017-12-19,69.23,65.82,Neutro
2017-12-20,64.44,64.00,Neutro
2017-12-21,68.00,72.15,Sobrecomprado
2017-12-22,64.44,70.27,Sobrecomprado
2017-12-26,81.08,75.71,Sobrecomprado
2017-12-27,80.00,77.46,Sobrecomprado
2017-12-28,50.00,72.37,Sobrecomprado
2017-12-29,73.68,70.42,Sobrecomprado
2018-01-02,83.33,72.00,Sobrecomprado
2018-01-03,86.49,75.86,Sobrecomprado
2018-01-04,89.80,77.66,Sobrecomprado
2018-01-05,92.06,88.00,Sobrecomprado
2018-01-08,92.06,87.76,Sobrecomprado
2018-01-09,100.00,85.37,Sobrecomprado
2018-01-10,93.33,88.61,Sobrecomprado
2018-01-11,91.84,88.61,Sobrecomprado
2018-01-12,92.31,89.89,Sobrecomprado
2018-01-16,92.31,91.09,Sobrecomprado
2018-01-17,92.00,92.04,Sobrecomprado
2018-01-18,86.27,89.47,Sobrecomprado
2018-01-19,87.72,93.91,Sobrecomprado
2018-01-22,95.45,94.44,Sobrecomprado
2018-01-23,95.95,94.31,Sobrecomprado
2018-01-24,94.92,93.69,Sobrecomprado
2018-01-25,93.62,92.93,Sobrecomprado
2018-01-26,94.12,93.07,Sobrecomprado
2018-01-29,84.21,85.19,Sobrecomprado
2018-01-30,62.69,74.19,Sobrecomprado
2018-01-31,51.79,75.41,Sobrecomprado
2018-02-01,43.75,75.41,Sobrecomprado
2018-02-02,20.00,50.69,Neutro
2018-02-05,10.90,30.05,Neutro
2018-02-06,10.32,31.07,Neutro
2018-02-07,10.53,30.62,Neutro
2018-02-08,8.12,21.97,Sobrevendido
2018-02-09,15.96,23.42,Sobrevendido
2018-02-12,24.15,27.46,Sobrevendido
2018-02-13,29.59,26.69,Sobrevendido
2018-02-14,56.21,33.33,Neutro
2018-02-15,57.05,33.76,Neutro
2018-02-16,61.39,36.45,Neutro
2018-02-20,100.00,38.44,Neutro
2018-02-21,86.81,37.17,Neutro
2018-02-22,82.35,37.17,Neutro
2018-02-23,84.81,45.45,Neutro
2018-02-26,82.61,64.41,Neutro
2018-02-27,49.35,54.51,Neutro
2018-02-28,42.25,55.46,Neutro
2018-03-01,28.04,62.25,Neutro
2018-03-02,33.67,59.26,Neutro
2018-03-05,38.10,55.49,Neutro
2018-03-06,38.10,58.15,Neutro
2018-03-07,24.44,49.69,Neutro
2018-03-08,44.59,47.02,Neutro
2018-03-09,59.79,52.38,Neutro
2018-03-12,95.24,52.94,Neutro
2018-03-13,80.28,53.25,Neutro
2018-03-14,74.63,52.33,Neutro
2018-03-15,66.67,48.15,Neutro
2018-03-16,70.37,41.67,Neutro
2018-03-19,39.13,41.96,Neutro
2018-03-20,16.00,44.90,Neutro
2018-03-21,27.59,62.81,Neutro
2018-03-22,17.39,44.79,Neutro
2018-03-23,13.22,35.11,Neutro
2018-03-26,32.68,41.90,Neutro
2018-03-27,36.42,44.91,Neutro
2018-03-28,36.20,37.07,Neutro
2018-03-29,40.23,34.82,Neutro
2018-04-02,29.70,29.23,Sobrevendido
2018-04-03,45.20,35.69,Neutro
2018-04-04,56.38,37.04,Neutro
2018-04-05,51.85,41.67,Neutro
2018-04-06,40.67,38.46,Neutro
2018-04-09,54.41,44.48,Neutro
2018-04-10,57.53,48.12,Neutro
2018-04-11,73.04,45.43,Neutro
2018-04-12,70.19,54.45,Neutro
2018-04-13,63.89,59.53,Neutro
2018-04-16,61.00,55.74,Neutro
2018-04-17,83.15,56.49,Neutro
2018-04-18,81.71,64.68,Neutro
2018-04-19,59.70,58.22,Neutro
2018-04-20,55.56,66.31,Neutro
2018-04-23,46.97,61.18,Neutro
2018-04-24,37.80,52.63,Neutro
2018-04-25,28.17,47.37,Neutro
2018-04-26,12.07,55.10,Neutro
2018-04-27,25.00,56.00,Neutro
2018-04-30,33.90,47.62,Neutro
2018-05-01,38.46,48.39,Neutro
2018-05-02,35.71,41.80,Neutro
2018-05-03,52.63,42.50,Neutro
2018-05-04,66.67,44.80,Neutro
2018-05-07,70.97,42.50,Neutro
2018-05-08,53.85,37.50,Neutro
2018-05-09,61.29,47.93,Neutro
2018-05-10,66.67,53.21,Neutro
2018-05-11,81.25,60.00,Neutro
2018-05-14,91.43,77.78,Sobrecomprado
2018-05-15,65.28,65.87,Neutro
2018-05-16,66.22,68.38,Neutro
2018-05-17,72.06,64.17,Neutro
2018-05-18,59.02,60.16,Neutro
2018-05-21,64.29,65.35,Neutro
2018-05-22,59.68,70.63,Sobrecomprado
2018-05-23,40.32,67.42,Neutro
2018-05-24,51.02,59.50,Neutro
2018-05-25,33.33,53.78,Neutro
2018-05-29,18.99,43.54,Neutro
2018-05-30,37.63,46.10,Neutro
2018-05-31,28.57,44.10,Neutro
2018-06-01,36.89,45.45,Neutro
2018-06-04,51.38,47.37,Neutro
2018-06-05,54.37,53.29,Neutro
2018-06-06,64.35,55.63,Neutro
2018-06-07,81.32,52.35,Neutro
2018-06-08,76.71,54.82,Neutro
2018-06-11,85.71,53.42,Neutro
2018-06-12,76.36,50.63,Neutro
2018-06-13,65.79,55.10,Neutro
2018-06-14,64.10,57.04,Neutro
2018-06-15,25.93,57.04,Neutro
2018-06-18,25.93,68.64,Neutro
2018-06-19,13.16,54.95,Neutro
2018-06-20,34.00,64.17,Neutro
2018-06-21,25.37,48.36,Neutro
2018-06-22,29.58,42.20,Neutro
2018-06-25,21.43,33.58,Neutro
2018-06-26,22.83,23.53,Sobrevendido
2018-06-27,21.21,22.22,Sobrevendido
2018-06-28,30.85,25.76,Sobrevendido
2018-06-29,26.97,29.50,Sobrevendido
2018-07-02,29.27,27.52,Sobrevendido
2018-07-03,28.40,28.95,Sobrevendido
2018-07-05,54.55,34.76,Neutro
2018-07-06,63.41,41.95,Neutro
2018-07-09,84.52,50.27,Neutro
2018-07-10,83.75,55.17,Neutro
2018-07-11,62.22,44.69,Neutro
2018-07-12,77.66,55.11,Neutro
2018-07-13,76.67,53.80,Neutro
2018-07-16,74.70,65.77,Neutro
2018-07-17,68.66,65.77,Neutro
2018-07-18,61.82,75.54,Sobrecomprado
2018-07-19,50.00,69.29,Neutro
2018-07-20,79.07,67.67,Neutro
2018-07-23,62.96,74.38,Sobrecomprado
2018-07-24,72.97,75.59,Sobrecomprado
2018-07-25,71.43,73.73,Sobrecomprado
2018-07-26,67.57,68.27,Neutro
2018-07-27,58.06,60.47,Neutro
2018-07-30,81.82,58.54,Neutro
2018-07-31,84.62,81.16,Sobrecomprado
2018-08-01,66.67,65.00,Neutro
2018-08-02,34.29,54.17,Neutro
2018-08-03,45.24,57.14,Neutro
2018-08-06,54.35,60.24,Neutro
2018-08-07,62.26,60.71,Neutro
2018-08-08,62.96,68.42,Neutro
2018-08-09,52.00,63.16,Neutro
2018-08-10,40.00,48.98,Neutro
2018-08-13,41.27,38.78,Neutro
2018-08-14,38.33,41.18,Neutro
2018-08-15,22.08,34.15,Neutro
2018-08-16,26.83,40.74,Neutro
2018-08-17,36.84,46.31,Neutro
2018-08-20,40.43,44.44,Neutro
2018-08-21,59.76,51.02,Neutro
2018-08-22,68.92,56.20,Neutro
2018-08-23,65.15,52.38,Neutro
2018-08-24,100.00,50.82,Neutro
2018-08-27,100.00,52.76,Neutro
2018-08-28,100.00,54.20,Neutro
2018-08-29,100.00,59.71,Neutro
2018-08-30,66.67,62.41,Neutro
2018-08-31,60.38,65.35,Neutro
2018-09-04,48.48,56.82,Neutro
2018-09-05,40.00,62.50,Neutro
2018-09-06,23.61,52.99,Neutro
2018-09-07,16.67,44.44,Neutro
2018-09-10,9.09,45.95,Neutro
2018-09-11,20.37,42.86,Neutro
2018-09-12,25.00,42.86,Neutro
2018-09-13,33.33,42.86,Neutro
2018-09-14,63.41,48.28,Neutro
2018-09-17,78.79,40.95,Neutro
2018-09-18,95.24,45.61,Neutro
2018-09-19,89.47,38.46,Neutro
2018-09-20,92.31,55.66,Neutro
2018-09-21,92.00,57.84,Neutro
2018-09-24,92.00,66.29,Neutro
2018-09-25,89.19,75.64,Sobrecomprado
2018-09-26,94.29,86.76,Sobrecomprado
2018-09-27,73.08,86.76,Sobrecomprado
2018-09-28,61.29,76.81,Sobrecomprado
2018-10-01,29.41,76.81,Sobrecomprado
2018-10-02,23.81,71.83,Sobrecomprado
2018-10-03,22.73,70.83,Sobrecomprado
2018-10-04,9.80,43.18,Neutro
2018-10-05,8.77,41.30,Neutro
2018-10-08,9.09,29.63,Sobrevendido
2018-10-09,10.42,30.38,Neutro
2018-10-10,0.00,4.27,Sobrevendido
2018-10-11,0.00,3.79,Sobrevendido
2018-10-12,0.00,3.55,Sobrevendido
2018-10-15,2.17,4.90,Sobrevendido
2018-10-16,30.58,23.60,Sobrevendido
2018-10-17,29.84,23.46,Sobrevendido
2018-10-18,25.52,21.76,Sobrevendido
2018-10-19,41.57,19.58,Sobrevendido
2018-10-22,46.84,19.47,Sobrevendido
2018-10-23,42.53,17.96,Sobrevendido
2018-10-24,31.82,18.32,Sobrevendido
2018-10-25,3.85,20.10,Sobrevendido
2018-10-26,3.00,17.86,Sobrevendido
2018-10-29,3.00,16.33,Sobrevendido
2018-10-30,28.36,33.63,Neutro
2018-10-31,39.74,42.17,Neutro
2018-11-01,52.26,48.76,Neutro
2018-11-02,57.86,46.40,Neutro
2018-11-05,60.93,41.48,Neutro
2018-11-06,76.34,44.59,Neutro
2018-11-07,92.37,53.68,Neutro
2018-11-08,82.69,52.10,Neutro
2018-11-09,65.98,50.00,Neutro
2018-11-12,45.74,49.80,Neutro
2018-11-13,53.41,56.14,Neutro
2018-11-14,34.74,50.81,Neutro
2018-11-15,38.00,59.74,Neutro
2018-11-16,27.06,66.67,Neutro
2018-11-19,29.87,60.22,Neutro
2018-11-20,19.66,40.65,Neutro
2018-11-21,36.13,40.38,Neutro
2018-11-23,33.91,42.36,Neutro
2018-11-26,43.30,39.06,Neutro
2018-11-27,35.29,36.76,Neutro
2018-11-28,54.17,42.93,Neutro
2018-11-29,52.00,43.56,Neutro
2018-11-30,92.96,47.34,Neutro
2018-12-03,93.83,59.50,Neutro
2018-12-04,61.79,48.32,Neutro
2018-12-06,47.10,45.63,Neutro
2018-12-07,40.00,38.49,Neutro
2018-12-10,23.94,37.79,Neutro
2018-12-11,26.95,38.72,Neutro
2018-12-12,34.81,52.84,Neutro
2018-12-13,19.38,48.10,Neutro
2018-12-14,21.01,41.74,Neutro
2018-12-17,21.93,36.43,Neutro
2018-12-18,35.05,38.27,Neutro
2018-12-19,26.05,24.90,Sobrevendido
2018-12-20,20.00,23.55,Sobrevendido
2018-12-21,6.25,21.19,Sobrevendido
2018-12-24,5.20,11.26,Sobrevendido
2018-12-26,33.33,28.71,Sobrevendido
2018-12-27,39.64,32.51,Neutro
2018-12-28,39.29,37.74,Neutro
2018-12-31,48.67,38.66,Neutro
2019-01-02,56.82,38.20,Neutro
2019-01-03,57.25,30.55,Neutro
2019-01-04,83.01,41.72,Neutro
2019-01-07,76.36,48.70,Neutro
2019-01-08,78.69,56.01,Neutro
2019-01-09,79.84,56.90,Neutro
2019-01-10,80.00,63.21,Neutro
2019-01-11,76.69,66.79,Neutro
2019-01-14,89.47,72.24,Sobrecomprado
2019-01-15,84.00,83.33,Sobrecomprado
2019-01-16,82.35,78.65,Sobrecomprado
2019-01-17,81.82,79.79,Sobrecomprado
2019-01-18,83.10,81.00,Sobrecomprado
2019-01-22,56.04,70.14,Sobrecomprado
2019-01-23,63.16,71.05,Sobrecomprado
2019-01-24,71.72,81.22,Sobrecomprado
2019-01-25,71.72,77.01,Sobrecomprado
2019-01-28,60.95,69.36,Neutro
2019-01-29,57.29,67.28,Neutro
2019-01-30,60.58,69.71,Neutro
2019-01-31,85.06,70.22,Sobrecomprado
2019-02-01,79.27,70.62,Sobrecomprado
2019-02-04,79.01,75.00,Sobrecomprado
2019-02-05,79.27,75.14,Sobrecomprado
2019-02-06,85.53,71.27,Sobrecomprado
2019-02-07,66.32,61.78,Neutro
2019-02-08,48.61,55.68,Neutro
2019-02-11,41.27,66.67,Neutro
2019-02-12,59.26,69.33,Neutro
2019-02-13,56.58,68.15,Neutro
2019-02-14,44.62,63.95,Neutro
2019-02-15,60.27,73.15,Sobrecomprado
2019-02-19,86.67,74.19,Sobrecomprado
2019-02-20,95.16,70.15,Sobrecomprado
2019-02-21,83.82,63.36,Neutro
2019-02-22,81.67,68.79,Neutro
2019-02-25,83.33,69.01,Neutro
2019-02-26,83.33,64.12,Neutro
2019-02-27,75.47,66.67,Neutro
2019-02-28,66.67,77.78,Sobrecomprado
2019-03-01,69.23,83.33,Sobrecomprado
2019-03-04,62.07,73.81,Sobrecomprado
2019-03-05,54.17,69.44,Neutro
2019-03-06,31.25,61.40,Neutro
2019-03-07,22.73,53.03,Neutro
2019-03-08,20.55,43.65,Neutro
2019-03-11,50.45,55.35,Neutro
2019-03-12,42.06,50.94,Neutro
2019-03-13,56.76,58.58,Neutro
2019-03-14,52.68,53.13,Neutro
2019-03-15,63.16,53.70,Neutro
2019-03-18,79.61,57.40,Neutro
2019-03-19,88.12,59.77,Neutro
2019-03-20,72.73,58.76,Neutro
2019-03-21,84.93,59.44,Neutro
2019-03-22,51.16,54.31,Neutro
2019-03-25,47.83,50.49,Neutro
2019-03-26,47.83,56.31,Neutro
2019-03-27,38.20,60.42,Neutro
2019-03-28,36.78,64.36,Neutro
2019-03-29,57.76,63.19,Neutro
2019-04-01,51.96,65.71,Neutro
2019-04-02,71.62,60.63,Neutro
2019-04-03,86.49,65.06,Neutro
2019-04-04,83.87,62.34,Neutro
2019-04-05,95.24,61.84,Neutro
2019-04-08,94.92,60.27,Neutro
2019-04-09,60.00,58.28,Neutro
2019-04-10,67.44,56.55,Neutro
2019-04-11,69.05,70.69,Sobrecomprado
2019-04-12,68.29,80.00,Sobrecomprado
2019-04-15,69.05,77.88,Sobrecomprado
2019-04-16,55.26,80.20,Sobrecomprado
2019-04-17,59.52,80.20,Sobrecomprado
2019-04-18,82.86,71.43,Sobrecomprado
2019-04-22,72.41,69.44,Neutro
2019-04-23,83.78,75.95,Sobrecomprado
2019-04-24,58.33,63.64,Neutro
2019-04-25,50.00,60.00,Neutro
2019-04-26,65.91,60.98,Neutro
2019-04-29,66.67,63.22,Neutro
2019-04-30,64.29,72.73,Sobrecomprado
2019-05-01,51.92,59.26,Neutro
2019-05-02,35.42,56.47,Neutro
2019-05-03,62.71,61.05,Neutro
2019-05-06,53.62,52.34,Neutro
2019-05-07,28.72,40.58,Neutro
2019-05-08,23.86,38.35,Neutro
2019-05-09,20.62,33.81,Neutro
2019-05-10,29.35,37.50,Neutro
2019-05-13,20.61,24.58,Sobrevendido
2019-05-14,20.00,33.33,Neutro
2019-05-15,28.57,37.44,Neutro
2019-05-16,46.08,37.76,Neutro
2019-05-17,40.87,33.50,Neutro
2019-05-20,40.52,31.46,Neutro
2019-05-21,44.35,37.96,Neutro
2019-05-22,65.48,38.14,Neutro
2019-05-23,40.00,28.18,Sobrevendido
2019-05-24,40.66,33.64,Neutro
2019-05-28,27.66,37.24,Neutro
2019-05-29,27.66,34.93,Neutro
2019-05-30,36.67,38.83,Neutro
2019-05-31,19.35,33.64,Neutro
2019-06-03,23.08,43.43,Neutro
2019-06-04,53.61,47.06,Neutro
2019-06-05,52.13,46.49,Neutro
2019-06-06,65.56,46.20,Neutro
2019-06-07,81.82,55.44,Neutro
2019-06-10,82.00,60.53,Neutro
2019-06-11,100.00,58.56,Neutro
2019-06-12,90.43,57.30,Neutro
2019-06-13,86.15,66.67,Neutro
2019-06-14,77.42,62.18,Neutro
2019-06-17,74.55,68.97,Neutro
2019-06-18,74.55,79.22,Sobrecomprado
2019-06-19,76.27,79.87,Sobrecomprado
2019-06-20,81.08,91.36,Sobrecomprado
2019-06-21,86.96,88.96,Sobrecomprado
2019-06-24,81.69,83.82,Sobrecomprado
2019-06-25,71.60,74.13,Sobrecomprado
2019-06-26,71.25,72.59,Sobrecomprado
2019-06-27,64.06,68.91,Neutro
2019-06-28,61.67,68.91,Neutro
2019-07-01,57.41,71.09,Sobrecomprado
2019-07-02,64.15,77.05,Sobrecomprado
2019-07-03,76.19,79.10,Sobrecomprado
2019-07-05,85.71,77.37,Sobrecomprado
2019-07-08,73.02,72.03,Sobrecomprado
2019-07-09,70.18,66.94,Neutro
2019-07-10,70.69,66.10,Neutro
2019-07-11,61.36,59.18,Neutro
2019-07-12,63.83,64.00,Neutro
2019-07-15,51.43,67.35,Neutro
2019-07-16,56.25,75.00,Sobrecomprado
2019-07-17,58.06,68.09,Neutro
2019-07-18,64.86,68.09,Neutro
2019-07-19,42.86,60.22,Neutro
2019-07-22,45.95,54.32,Neutro
2019-07-23,57.45,60.64,Neutro
2019-07-24,57.45,54.88,Neutro
2019-07-25,47.37,50.56,Neutro
2019-07-26,67.16,64.29,Neutro
2019-07-29,57.35,60.00,Neutro
2019-07-30,52.00,49.09,Neutro
2019-07-31,43.37,44.17,Neutro
2019-08-01,21.98,34.06,Neutro
2019-08-02,17.48,30.00,Neutro
2019-08-05,12.41,22.28,Sobrevendido
2019-08-06,13.61,30.37,Neutro
2019-08-07,17.81,30.37,Neutro
2019-08-08,33.75,39.57,Neutro
2019-08-09,33.54,36.89,Neutro
2019-08-12,34.18,29.72,Sobrevendido
2019-08-13,46.11,35.19,Neutro
2019-08-14,47.53,30.94,Neutro
2019-08-15,42.18,27.89,Sobrevendido
2019-08-16,49.10,34.50,Neutro
2019-08-19,42.57,37.99,Neutro
2019-08-20,44.68,38.74,Neutro
2019-08-21,58.39,45.42,Neutro
2019-08-22,48.72,47.18,Neutro
2019-08-23,51.82,49.26,Neutro
2019-08-26,57.60,49.26,Neutro
2019-08-27,46.00,47.94,Neutro
2019-08-28,44.90,43.50,Neutro
2019-08-29,57.39,50.39,Neutro
2019-08-30,51.96,55.65,Neutro
2019-09-03,48.62,48.67,Neutro
2019-09-04,87.50,67.68,Neutro
2019-09-05,87.50,69.95,Neutro
2019-09-06,89.36,67.01,Neutro
2019-09-09,88.76,65.78,Neutro
2019-09-10,81.43,66.49,Neutro
2019-09-11,84.15,66.30,Neutro
2019-09-12,96.39,69.27,Neutro
2019-09-13,95.00,90.54,Sobrecomprado
2019-09-16,71.15,81.43,Sobrecomprado
2019-09-17,71.15,82.88,Sobrecomprado
2019-09-18,66.04,80.28,Sobrecomprado
2019-09-19,72.22,77.42,Sobrecomprado
2019-09-20,52.27,73.02,Sobrecomprado
2019-09-23,34.29,77.97,Sobrecomprado
2019-09-24,22.92,62.96,Neutro
2019-09-25,41.86,57.89,Neutro
2019-09-26,29.73,53.93,Neutro
2019-09-27,23.40,46.00,Neutro
2019-09-30,32.08,52.34,Neutro
2019-10-01,24.64,35.40,Neutro
2019-10-02,16.83,21.32,Sobrevendido
2019-10-03,30.00,27.70,Sobrevendido
2019-10-04,40.17,40.62,Neutro
2019-10-07,39.17,36.94,Neutro
2019-10-08,35.07,32.04,Neutro
2019-10-09,37.41,35.94,Neutro
2019-10-10,50.38,41.50,Neutro
2019-10-11,74.38,48.20,Neutro
2019-10-14,70.00,50.95,Neutro
2019-10-15,68.87,53.81,Neutro
2019-10-16,71.57,54.05,Neutro
2019-10-17,94.81,56.87,Neutro
2019-10-18,93.85,55.39,Neutro
2019-10-21,93.33,63.87,Neutro
2019-10-22,84.21,76.73,Sobrecomprado
2019-10-23,88.89,74.66,Sobrecomprado
2019-10-24,81.82,71.09,Sobrecomprado
2019-10-25,86.67,75.00,Sobrecomprado
2019-10-28,95.00,94.87,Sobrecomprado
2019-10-29,87.50,91.43,Sobrecomprado
2019-10-30,88.10,91.18,Sobrecomprado
2019-10-31,72.55,77.53,Sobrecomprado
2019-11-01,80.28,83.18,Sobrecomprado
2019-11-04,81.08,81.25,Sobrecomprado
2019-11-05,78.79,81.25,Sobrecomprado
2019-11-06,74.07,82.98,Sobrecomprado
2019-11-07,80.70,83.51,Sobrecomprado
2019-11-08,76.60,82.02,Sobrecomprado
2019-11-11,87.80,79.35,Sobrecomprado
2019-11-12,77.27,79.57,Sobrecomprado
2019-11-13,53.33,76.40,Sobrecomprado
2019-11-14,53.33,74.07,Sobrecomprado
2019-11-15,75.86,74.70,Sobrecomprado
2019-11-18,73.08,78.31,Sobrecomprado
2019-11-19,73.08,75.34,Sobrecomprado
2019-11-20,59.37,75.34,Sobrecomprado
2019-11-21,56.25,64.81,Neutro
2019-11-22,62.50,59.57,Neutro
2019-11-25,75.51,70.31,Sobrecomprado
2019-11-26,67.57,71.21,Sobrecomprado
2019-11-27,70.73,71.64,Sobrecomprado
2019-11-29,53.85,60.26,Neutro
2019-12-02,49.12,52.81,Neutro
2019-12-03,41.79,46.46,Neutro
2019-12-04,51.85,54.87,Neutro
2019-12-05,40.91,55.65,Neutro
2019-12-06,52.44,57.14,Neutro
2019-12-09,43.90,52.85,Neutro
2019-12-10,50.00,51.61,Neutro
2019-12-11,70.15,60.48,Neutro
2019-12-12,88.16,66.43,Neutro
2019-12-13,86.57,67.57,Neutro
2019-12-16,88.89,67.35,Neutro
2019-12-17,85.71,66.90,Neutro
2019-12-18,96.49,65.47,Neutro
2019-12-19,100.00,72.52,Sobrecomprado
2019-12-20,100.00,83.74,Sobrecomprado
2019-12-23,100.00,92.17,Sobrecomprado
2019-12-24,96.97,90.00,Sobrecomprado
2019-12-26,96.15,90.65,Sobrecomprado
2019-12-27,96.55,89.13,Sobrecomprado
2019-12-30,69.23,85.42,Sobrecomprado
2019-12-31,70.00,87.88,Sobrecomprado
2020-01-02,77.36,88.99,Sobrecomprado
2020-01-03,55.07,71.30,Sobrecomprado
2020-01-06,58.90,70.75,Sobrecomprado
2020-01-07,50.00,62.77,Neutro
2020-01-08,54.05,66.02,Neutro
2020-01-09,68.92,69.03,Neutro
2020-01-10,65.71,67.27,Neutro
2020-01-13,60.66,68.42,Neutro
2020-01-14,86.05,66.96,Neutro
2020-01-15,84.21,67.57,Neutro
2020-01-16,96.00,69.49,Neutro
2020-01-17,96.08,71.20,Sobrecomprado
2020-01-21,71.70,70.08,Sobrecomprado
2020-01-22,74.55,69.60,Neutro
2020-01-23,59.18,60.00,Neutro
2020-01-24,46.77,62.86,Neutro
2020-01-27,28.16,43.26,Neutro
2020-01-28,32.11,52.20,Neutro
2020-01-29,26.00,49.67,Neutro
2020-01-30,31.46,46.48,Neutro
2020-01-31,19.84,36.46,Neutro
2020-02-03,29.63,37.50,Neutro
2020-02-04,48.41,47.95,Neutro
2020-02-05,70.15,51.90,Neutro
2020-02-06,66.94,50.43,Neutro
2020-02-07,58.39,44.73,Neutro
2020-02-10,62.25,50.83,Neutro
2020-02-11,85.59,51.64,Neutro
2020-02-12,85.83,56.08,Neutro
2020-02-13,70.53,56.75,Neutro
2020-02-14,65.00,68.22,Neutro
2020-02-18,52.44,61.08,Neutro
2020-02-19,71.43,63.08,Neutro
2020-02-20,54.93,59.91,Neutro
2020-02-21,38.10,65.84,Neutro
2020-02-24,10.42,44.70,Neutro
2020-02-25,7.94,28.87,Sobrevendido
2020-02-26,8.90,25.46,Sobrevendido
2020-02-27,6.30,17.05,Sobrevendido
2020-02-28,1.85,17.29,Sobrevendido
2020-03-02,16.94,24.07,Sobrevendido
2020-03-03,17.05,21.59,Sobrevendido
2020-03-04,40.34,30.52,Neutro
2020-03-05,39.67,27.40,Sobrevendido
2020-03-06,33.43,24.62,Sobrevendido
2020-03-09,29.77,20.06,Sobrevendido
2020-03-10,42.51,27.20,Sobrevendido
2020-03-11,29.24,24.50,Sobrevendido
2020-03-12,21.63,20.19,Sobrevendido
2020-03-13,27.75,31.42,Neutro
2020-03-16,23.86,28.04,Sobrevendido
2020-03-17,30.21,31.14,Neutro
2020-03-18,31.84,31.17,Neutro
2020-03-19,26.71,32.63,Neutro
2020-03-20,28.59,28.86,Sobrevendido
2020-03-23,35.86,28.12,Sobrevendido
2020-03-24,37.65,32.14,Neutro
2020-03-25,58.80,35.78,Neutro
2020-03-26,61.56,41.32,Neutro
2020-03-27,65.82,43.76,Neutro
2020-03-30,67.90,42.45,Neutro
2020-03-31,70.65,44.95,Neutro
2020-04-01,66.31,49.85,Neutro
2020-04-02,56.68,45.10,Neutro
2020-04-03,47.47,53.68,Neutro
2020-04-06,49.87,56.34,Neutro
2020-04-07,60.37,63.49,Neutro
2020-04-08,58.97,64.29,Neutro
2020-04-09,66.98,69.11,Neutro
2020-04-13,83.33,72.33,Sobrecomprado
2020-04-14,84.13,68.34,Neutro
2020-04-15,79.44,61.74,Neutro
2020-04-16,69.27,56.46,Neutro
2020-04-17,74.01,66.00,Neutro
2020-04-20,61.21,59.89,Neutro
2020-04-21,42.92,56.86,Neutro
2020-04-22,53.73,68.62,Neutro
2020-04-23,42.06,65.57,Neutro
2020-04-24,57.67,70.80,Sobrecomprado
2020-04-27,62.09,65.51,Neutro
2020-04-28,51.79,64.56,Neutro
2020-04-29,70.62,65.69,Neutro
2020-04-30,81.07,58.96,Neutro
2020-05-01,53.48,53.62,Neutro
2020-05-04,57.59,49.38,Neutro
2020-05-05,56.45,57.07,Neutro
2020-05-06,44.58,54.38,Neutro
2020-05-07,50.27,51.00,Neutro
2020-05-08,45.51,59.00,Neutro
2020-05-11,55.10,68.99,Neutro
2020-05-12,66.39,58.58,Neutro
2020-05-13,49.65,54.19,Neutro
2020-05-14,46.67,52.34,Neutro
2020-05-15,52.71,48.14,Neutro
2020-05-18,65.54,57.78,Neutro
2020-05-19,50.62,48.02,Neutro
2020-05-20,57.22,56.29,Neutro
2020-05-21,61.85,63.73,Neutro
2020-05-22,72.79,61.38,Neutro
2020-05-26,77.40,64.10,Neutro
2020-05-27,79.70,69.02,Neutro
2020-05-28,70.59,67.73,Neutro
2020-05-29,83.06,64.69,Neutro
2020-06-01,81.42,66.33,Neutro
2020-06-02,95.76,75.60,Sobrecomprado
2020-06-03,100.00,86.53,Sobrecomprado
2020-06-04,91.20,83.11,Sobrecomprado
2020-06-05,92.52,85.17,Sobrecomprado
2020-06-08,93.29,83.00,Sobrecomprado
2020-06-09,85.88,84.69,Sobrecomprado
2020-06-10,82.47,82.02,Sobrecomprado
2020-06-11,41.73,58.87,Neutro
2020-06-12,39.34,62.44,Neutro
2020-06-15,44.31,60.11,Neutro
2020-06-16,40.69,60.85,Neutro
2020-06-17,35.68,60.74,Neutro
2020-06-18,37.44,59.52,Neutro
2020-06-19,37.25,56.70,Neutro
2020-06-22,92.63,55.59,Neutro
2020-06-23,91.36,52.31,Neutro
2020-06-24,50.83,46.45,Neutro
2020-06-25,44.34,41.84,Neutro
2020-06-26,31.16,33.90,Neutro
2020-06-29,40.65,38.83,Neutro
2020-06-30,48.84,42.55,Neutro
2020-07-01,48.54,64.29,Neutro
2020-07-02,50.00,63.04,Neutro
2020-07-06,78.31,66.78,Neutro
2020-07-07,64.00,56.58,Neutro
2020-07-08,83.23,59.20,Neutro
2020-07-09,74.03,57.28,Neutro
2020-07-10,73.86,60.62,Neutro
2020-07-13,62.96,55.56,Neutro
2020-07-14,65.52,57.71,Neutro
2020-07-15,60.00,69.62,Neutro
2020-07-16,65.69,64.74,Neutro
2020-07-17,62.40,74.13,Sobrecomprado
2020-07-20,74.05,74.04,Sobrecomprado
2020-07-21,70.18,72.28,Sobrecomprado
2020-07-22,86.54,72.18,Sobrecomprado
2020-07-23,61.22,63.97,Neutro
2020-07-24,45.16,54.32,Neutro
2020-07-27,64.08,65.00,Neutro
2020-07-28,52.34,57.76,Neutro
2020-07-29,55.26,65.31,Neutro
2020-07-30,48.00,58.58,Neutro
2020-07-31,40.00,61.14,Neutro
2020-08-03,59.84,60.44,Neutro
2020-08-04,69.35,58.99,Neutro
2020-08-05,66.96,65.60,Neutro
2020-08-06,78.18,65.44,Neutro
2020-08-07,64.52,59.42,Neutro
2020-08-10,77.65,60.00,Neutro
2020-08-11,79.52,55.77,Neutro
2020-08-12,82.11,69.37,Neutro
2020-08-13,74.73,71.63,Sobrecomprado
2020-08-14,64.63,65.99,Neutro
2020-08-17,67.42,73.37,Sobrecomprado
2020-08-18,76.19,70.06,Sobrecomprado
2020-08-19,65.17,71.26,Sobrecomprado
2020-08-20,72.62,76.05,Sobrecomprado
2020-08-21,52.08,72.03,Sobrecomprado
2020-08-24,74.24,74.52,Sobrecomprado
2020-08-25,84.06,73.51,Sobrecomprado
2020-08-26,84.93,75.31,Sobrecomprado
2020-08-27,78.38,77.22,Sobrecomprado
2020-08-28,93.59,78.44,Sobrecomprado
2020-08-31,87.50,79.88,Sobrecomprado
2020-09-01,88.76,75.91,Sobrecomprado
2020-09-02,89.13,82.91,Sobrecomprado
2020-09-03,47.40,58.74,Neutro
2020-09-04,36.81,53.00,Neutro
2020-09-08,28.19,42.37,Neutro
2020-09-09,37.79,52.54,Neutro
2020-09-10,33.47,46.77,Neutro
2020-09-11,31.80,47.26,Neutro
2020-09-14,31.80,47.73,Neutro
2020-09-15,49.17,48.36,Neutro
2020-09-16,50.57,44.38,Neutro
2020-09-17,63.57,43.29,Neutro
2020-09-18,39.47,38.37,Neutro
2020-09-21,38.14,34.99,Neutro
2020-09-22,41.60,35.16,Neutro
2020-09-23,17.86,26.65,Sobrevendido
2020-09-24,11.54,33.44,Neutro
2020-09-25,26.17,39.38,Neutro
2020-09-28,42.60,52.10,Neutro
2020-09-29,46.15,43.33,Neutro
2020-09-30,63.85,51.61,Neutro
2020-10-01,64.12,53.13,Neutro
2020-10-02,79.25,44.31,Neutro
2020-10-05,84.17,49.07,Neutro
2020-10-06,66.43,45.67,Neutro
2020-10-07,66.19,53.25,Neutro
2020-10-08,71.81,58.69,Neutro
2020-10-09,73.08,68.88,Neutro
2020-10-12,75.86,70.82,Sobrecomprado
2020-10-13,76.74,77.70,Sobrecomprado
2020-10-14,65.75,74.74,Sobrecomprado
2020-10-15,70.59,68.48,Neutro
2020-10-16,63.30,64.92,Neutro
2020-10-19,43.90,59.19,Neutro
2020-10-20,43.44,60.07,Neutro
2020-10-21,22.68,56.83,Neutro
2020-10-22,31.82,61.54,Neutro
2020-10-23,42.53,57.08,Neutro
2020-10-26,33.04,53.63,Neutro
2020-10-27,28.57,45.70,Neutro
2020-10-28,20.92,31.16,Neutro
2020-10-29,22.93,31.90,Neutro
2020-10-30,20.11,21.01,Sobrevendido
2020-11-02,27.41,28.77,Sobrevendido
2020-11-03,39.15,40.06,Neutro
2020-11-04,56.54,49.00,Neutro
2020-11-05,65.00,54.59,Neutro
2020-11-06,87.16,59.84,Neutro
2020-11-09,87.88,61.60,Neutro
2020-11-10,98.07,61.92,Neutro
2020-11-11,98.02,63.16,Neutro
2020-11-12,85.31,58.98,Neutro
2020-11-13,84.24,67.91,Neutro
2020-11-16,81.56,70.55,Sobrecomprado
2020-11-17,80.45,84.62,Sobrecomprado
2020-11-18,64.04,80.00,Sobrecomprado
2020-11-19,68.91,87.42,Sobrecomprado
2020-11-20,61.17,85.57,Sobrecomprado
2020-11-23,79.31,83.33,Sobrecomprado
2020-11-24,81.44,83.21,Sobrecomprado
2020-11-25,71.43,77.98,Sobrecomprado
2020-11-27,75.00,78.28,Sobrecomprado
2020-11-30,66.00,64.95,Neutro
2020-12-01,73.64,71.37,Sobrecomprado
2020-12-02,76.15,69.53,Neutro
2020-12-03,75.40,77.00,Sobrecomprado
2020-12-04,71.56,76.21,Sobrecomprado
2020-12-07,70.91,71.12,Sobrecomprado
2020-12-08,70.09,72.31,Sobrecomprado
2020-12-09,79.79,72.68,Sobrecomprado
2020-12-10,68.85,72.11,Sobrecomprado
2020-12-11,57.58,69.90,Neutro
2020-12-14,53.73,67.88,Neutro
2020-12-15,55.71,65.36,Neutro
2020-12-16,64.86,68.48,Neutro
2020-12-17,67.90,69.15,Neutro
2020-12-18,75.34,77.84,Sobrecomprado
2020-12-21,56.82,61.74,Neutro
2020-12-22,60.98,59.46,Neutro
2020-12-23,68.13,62.03,Neutro
2020-12-24,56.06,55.88,Neutro
2020-12-28,61.33,63.09,Neutro
2020-12-29,55.38,62.33,Neutro
2020-12-30,66.18,70.92,Sobrecomprado
2020-12-31,94.12,70.50,Sobrecomprado
2021-01-04,75.00,67.12,Neutro
2021-01-05,78.67,72.89,Sobrecomprado
2021-01-06,81.61,70.59,Sobrecomprado
2021-01-07,83.51,73.84,Sobrecomprado
2021-01-08,86.09,75.00,Sobrecomprado
2021-01-11,69.77,68.53,Neutro
2021-01-12,71.53,77.66,Sobrecomprado
2021-01-13,81.15,79.03,Sobrecomprado
2021-01-14,77.45,77.97,Sobrecomprado
2021-01-15,56.41,67.16,Neutro
2021-01-19,54.46,67.94,Neutro
2021-01-20,58.20,71.73,Sobrecomprado
2021-01-21,72.82,71.12,Sobrecomprado
2021-01-22,62.75,67.78,Neutro
2021-01-25,63.11,72.89,Sobrecomprado
2021-01-26,58.49,67.79,Neutro
2021-01-27,43.97,49.61,Neutro
2021-01-28,45.89,49.61,Neutro
2021-01-29,20.86,36.84,Neutro
2021-02-01,34.85,47.84,Neutro
2021-02-02,46.87,51.84,Neutro
2021-02-03,48.03,52.71,Neutro
2021-02-04,51.91,53.96,Neutro
2021-02-05,74.23,61.49,Neutro
2021-02-08,72.07,60.31,Neutro
2021-02-09,100.00,57.14,Neutro
2021-02-10,100.00,56.57,Neutro
2021-02-11,100.00,59.80,Neutro
2021-02-12,100.00,61.24,Neutro
2021-02-16,100.00,63.07,Neutro
2021-02-17,85.96,76.89,Sobrecomprado
2021-02-18,59.02,68.75,Neutro
2021-02-19,54.55,87.05,Sobrecomprado
2021-02-22,37.04,71.67,Sobrecomprado
2021-02-23,28.38,63.70,Neutro
2021-02-24,34.57,66.67,Neutro
2021-02-25,17.04,45.63,Neutro
2021-02-26,15.86,35.64,Neutro
2021-03-01,41.67,46.06,Neutro
2021-03-02,37.70,41.46,Neutro
2021-03-03,37.31,37.23,Neutro
2021-03-04,30.77,30.19,Neutro
2021-03-05,35.20,35.05,Neutro
2021-03-08,41.51,31.99,Neutro
2021-03-09,55.08,40.16,Neutro
2021-03-10,45.64,43.73,Neutro
2021-03-11,57.21,48.03,Neutro
2021-03-12,64.74,50.91,Neutro
2021-03-15,84.91,52.67,Neutro
2021-03-16,80.49,50.13,Neutro
2021-03-17,97.32,60.80,Neutro
2021-03-18,64.42,57.94,Neutro
2021-03-19,59.57,50.17,Neutro
2021-03-22,47.22,54.70,Neutro
2021-03-23,35.05,54.70,Neutro
2021-03-24,20.56,59.02,Neutro
2021-03-25,29.17,55.14,Neutro
2021-03-26,43.71,66.54,Neutro
2021-03-29,53.66,58.59,Neutro
2021-03-30,50.00,53.98,Neutro
2021-03-31,51.11,49.76,Neutro
2021-04-01,72.26,56.84,Neutro
2021-04-05,89.26,60.55,Neutro
2021-04-06,84.51,59.16,Neutro
2021-04-07,77.45,57.31,Neutro
2021-04-08,85.22,68.91,Neutro
2021-04-09,94.02,70.68,Sobrecomprado
2021-04-12,87.16,67.21,Neutro
2021-04-13,84.95,77.39,Sobrecomprado
2021-04-14,64.29,81.28,Sobrecomprado
2021-04-15,79.57,82.55,Sobrecomprado
2021-04-16,82.86,80.19,Sobrecomprado
2021-04-19,69.39,77.93,Sobrecomprado
2021-04-20,49.56,72.17,Sobrecomprado
2021-04-21,61.54,73.22,Sobrecomprado
2021-04-22,49.62,64.16,Neutro
2021-04-23,63.16,63.51,Neutro
2021-04-26,55.91,65.91,Neutro
2021-04-27,51.30,66.36,Neutro
2021-04-28,57.69,63.37,Neutro
2021-04-29,80.00,62.63,Neutro
2021-04-30,48.89,56.36,Neutro
2021-05-03,66.28,56.16,Neutro
2021-05-04,32.14,52.12,Neutro
2021-05-05,38.71,48.64,Neutro
2021-05-06,49.11,50.22,Neutro
2021-05-07,59.29,58.61,Neutro
2021-05-10,47.17,58.61,Neutro
2021-05-11,48.08,48.37,Neutro
2021-05-12,30.85,41.46,Neutro
2021-05-13,44.50,40.85,Neutro
2021-05-14,51.95,48.15,Neutro
2021-05-17,45.45,46.69,Neutro
2021-05-18,36.79,46.25,Neutro
2021-05-19,38.59,42.57,Neutro
2021-05-20,55.15,52.00,Neutro
2021-05-21,76.43,49.56,Neutro
2021-05-24,75.74,57.14,Neutro
2021-05-25,63.44,55.25,Neutro
2021-05-26,72.22,53.23,Neutro
2021-05-27,75.79,49.65,Neutro
2021-05-28,94.05,55.97,Neutro
2021-06-01,90.74,62.90,Neutro
2021-06-02,98.21,82.65,Sobrecomprado
2021-06-03,65.31,72.97,Sobrecomprado
2021-06-04,78.67,70.24,Sobrecomprado
2021-06-07,77.14,74.37,Sobrecomprado
2021-06-08,72.31,74.37,Sobrecomprado
2021-06-09,61.54,79.87,Sobrecomprado
2021-06-10,65.28,76.19,Sobrecomprado
2021-06-11,64.29,79.37,Sobrecomprado
2021-06-14,85.00,76.15,Sobrecomprado
2021-06-15,60.00,72.17,Sobrecomprado
2021-06-16,41.82,61.60,Neutro
2021-06-17,41.82,58.33,Neutro
2021-06-18,26.74,41.72,Neutro
2021-06-21,39.42,50.00,Neutro
2021-06-22,42.73,51.11,Neutro
2021-06-23,37.27,54.12,Neutro
2021-06-24,50.00,52.44,Neutro
2021-06-25,61.02,54.91,Neutro
2021-06-28,62.07,55.56,Neutro
2021-06-29,92.31,57.93,Neutro
2021-06-30,77.36,52.23,Neutro
2021-07-01,74.47,52.23,Neutro
2021-07-02,89.66,55.36,Neutro
2021-07-06,62.00,53.45,Neutro
2021-07-07,60.42,60.84,Neutro
2021-07-08,34.94,50.75,Neutro
2021-07-09,57.14,70.59,Sobrecomprado
2021-07-12,62.50,66.85,Neutro
2021-07-13,55.88,60.66,Neutro
2021-07-14,51.61,63.74,Neutro
2021-07-15,51.61,54.60,Neutro
2021-07-16,40.88,45.95,Neutro
2021-07-19,37.33,36.48,Neutro
2021-07-20,36.49,45.99,Neutro
2021-07-21,43.37,51.70,Neutro
2021-07-22,48.75,52.03,Neutro
2021-07-23,52.87,52.35,Neutro
2021-07-26,55.42,53.79,Neutro
2021-07-27,55.76,49.01,Neutro
2021-07-28,81.34,58.10,Neutro
2021-07-29,76.42,53.15,Neutro
2021-07-30,55.00,47.74,Neutro
2021-08-02,53.61,50.58,Neutro
2021-08-03,54.55,53.48,Neutro
2021-08-04,54.55,55.09,Neutro
2021-08-05,72.83,61.87,Neutro
2021-08-06,62.50,74.30,Sobrecomprado
2021-08-09,55.88,68.39,Neutro
2021-08-10,80.00,63.33,Neutro
2021-08-11,82.76,64.52,Neutro
2021-08-12,74.36,60.14,Neutro
2021-08-13,87.50,64.03,Neutro
2021-08-16,68.75,71.77,Sobrecomprado
2021-08-17,42.31,54.55,Neutro
2021-08-18,30.43,43.07,Neutro
2021-08-19,22.62,44.03,Neutro
2021-08-20,30.11,50.33,Neutro
2021-08-23,45.83,52.83,Neutro
2021-08-24,48.82,58.08,Neutro
2021-08-25,53.85,56.79,Neutro
2021-08-26,56.00,51.98,Neutro
2021-08-27,72.39,58.13,Neutro
2021-08-30,84.13,59.52,Neutro
2021-08-31,81.48,57.71,Neutro
2021-09-01,78.02,59.72,Neutro
2021-09-02,76.19,59.72,Neutro
2021-09-03,76.19,62.62,Neutro
2021-09-07,92.75,69.07,Neutro
2021-09-08,63.79,69.79,Neutro
2021-09-09,50.00,73.63,Sobrecomprado
2021-09-10,36.11,63.33,Neutro
2021-09-13,33.33,58.75,Neutro
2021-09-14,21.52,49.69,Neutro
2021-09-15,30.34,52.60,Neutro
2021-09-16,28.72,55.83,Neutro
2021-09-17,26.47,40.00,Neutro
2021-09-20,17.76,26.44,Sobrevendido
2021-09-21,27.21,30.14,Neutro
2021-09-22,33.54,33.48,Neutro
2021-09-23,48.30,40.00,Neutro
2021-09-24,40.12,36.72,Neutro
2021-09-27,41.10,36.58,Neutro
2021-09-28,33.50,31.13,Neutro
2021-09-29,45.89,31.54,Neutro
2021-09-30,36.24,31.76,Neutro
2021-10-01,34.93,34.20,Neutro
2021-10-04,13.07,31.91,Neutro
2021-10-05,28.32,34.12,Neutro
2021-10-06,29.17,35.05,Neutro
2021-10-07,57.66,43.32,Neutro
2021-10-08,58.09,51.77,Neutro
2021-10-11,58.96,47.00,Neutro
2021-10-12,50.00,41.67,Neutro
2021-10-13,79.61,39.84,Neutro
2021-10-14,80.91,48.76,Neutro
2021-10-15,84.85,53.67,Neutro
2021-10-18,81.13,67.90,Neutro
2021-10-19,85.60,71.26,Sobrecomprado
2021-10-20,96.67,76.77,Sobrecomprado
2021-10-21,100.00,74.89,Sobrecomprado
2021-10-22,100.00,89.34,Sobrecomprado
2021-10-25,100.00,88.14,Sobrecomprado
2021-10-26,100.00,88.95,Sobrecomprado
2021-10-27,71.43,77.51,Sobrecomprado
2021-10-28,71.88,80.95,Sobrecomprado
2021-10-29,62.71,85.47,Sobrecomprado
2021-11-01,69.01,88.30,Sobrecomprado
2021-11-02,69.86,86.83,Sobrecomprado
2021-11-03,74.42,85.62,Sobrecomprado
2021-11-04,74.12,83.58,Sobrecomprado
2021-11-05,94.59,83.94,Sobrecomprado
2021-11-08,93.44,82.40,Sobrecomprado
2021-11-09,86.36,75.20,Sobrecomprado
2021-11-10,55.00,61.59,Neutro
2021-11-11,58.14,63.52,Neutro
2021-11-12,58.14,66.28,Neutro
2021-11-15,52.27,63.01,Neutro
2021-11-16,53.33,71.95,Sobrecomprado
2021-11-17,43.33,63.58,Neutro
2021-11-18,50.00,66.00,Neutro
2021-11-19,61.76,58.11,Neutro
2021-11-22,45.33,52.17,Neutro
2021-11-23,21.82,43.97,Neutro
2021-11-24,24.49,42.34,Neutro
2021-11-26,2.68,25.25,Sobrevendido
2021-11-29,24.81,32.29,Neutro
2021-11-30,16.85,27.48,Sobrevendido
2021-12-01,15.46,27.48,Sobrevendido
2021-12-02,31.02,34.71,Neutro
2021-12-03,28.39,27.15,Sobrevendido
2021-12-06,36.47,34.60,Neutro
2021-12-07,61.35,43.25,Neutro
2021-12-08,58.55,46.32,Neutro
2021-12-09,64.93,42.93,Neutro
2021-12-10,76.38,46.31,Neutro
2021-12-13,60.53,44.83,Neutro
2021-12-14,61.17,42.92,Neutro
2021-12-15,62.56,47.51,Neutro
2021-12-16,42.76,54.34,Neutro
2021-12-17,31.52,47.37,Neutro
2021-12-20,30.23,49.35,Neutro
2021-12-21,41.75,58.77,Neutro
2021-12-22,55.98,58.15,Neutro
2021-12-23,65.38,63.38,Neutro
2021-12-27,64.00,63.29,Neutro
2021-12-28,67.02,56.27,Neutro
2021-12-29,77.98,54.95,Neutro
2021-12-30,94.24,58.84,Neutro
2021-12-31,85.42,55.63,Neutro
2022-01-03,82.28,63.19,Neutro
2022-01-04,77.78,68.27,Neutro
2022-01-05,23.53,51.93,Neutro
2022-01-06,22.22,52.67,Neutro
2022-01-07,19.32,57.81,Neutro
2022-01-10,17.53,62.71,Neutro
2022-01-11,41.73,60.54,Neutro
2022-01-12,43.94,58.29,Neutro
2022-01-13,32.35,44.64,Neutro
2022-01-14,46.67,37.07,Neutro
2022-01-18,34.15,29.92,Sobrevendido
2022-01-19,31.64,27.55,Sobrevendido
2022-01-20,30.27,25.89,Sobrevendido
2022-01-21,10.05,22.39,Sobrevendido
2022-01-24,0.52,18.10,Sobrevendido
2022-01-25,0.56,16.09,Sobrevendido
2022-01-26,0.00,18.12,Sobrevendido
2022-01-27,0.00,17.72,Sobrevendido
2022-01-28,23.76,27.65,Sobrevendido
2022-01-31,47.09,39.46,Neutro
2022-02-01,65.31,37.47,Neutro
2022-02-02,73.13,37.47,Neutro
2022-02-03,60.74,35.24,Neutro
2022-02-04,66.26,37.47,Neutro
2022-02-07,69.36,42.12,Neutro
2022-02-08,67.42,47.76,Neutro
2022-02-09,64.18,55.19,Neutro
2022-02-10,48.62,56.52,Neutro
2022-02-11,35.22,52.23,Neutro
2022-02-14,44.16,53.30,Neutro
2022-02-15,51.97,59.37,Neutro
2022-02-16,54.78,62.15,Neutro
2022-02-17,37.89,51.57,Neutro
2022-02-18,23.21,42.01,Neutro
2022-02-22,23.71,35.78,Neutro
2022-02-23,24.66,30.21,Neutro
2022-02-24,29.63,36.56,Neutro
2022-02-25,33.62,42.79,Neutro
2022-02-28,29.54,41.97,Neutro
2022-03-01,29.91,34.08,Neutro
2022-03-02,45.14,34.62,Neutro
2022-03-03,45.49,35.11,Neutro
2022-03-04,45.14,35.63,Neutro
2022-03-07,32.62,31.43,Neutro
2022-03-08,16.73,24.40,Sobrevendido
2022-03-09,36.87,33.85,Neutro
2022-03-10,40.72,36.04,Neutro
2022-03-11,26.78,35.33,Neutro
2022-03-14,28.21,36.45,Neutro
2022-03-15,43.06,44.05,Neutro
2022-03-16,71.73,50.74,Neutro
2022-03-17,76.32,48.01,Neutro
2022-03-18,72.83,52.65,Neutro
2022-03-21,74.23,56.08,Neutro
2022-03-22,87.40,55.30,Neutro
2022-03-23,82.97,55.40,Neutro
2022-03-24,82.20,62.02,Neutro
2022-03-25,75.00,73.04,Sobrecomprado
2022-03-28,72.51,74.95,Sobrecomprado
2022-03-29,73.45,73.08,Sobrecomprado
2022-03-30,69.15,72.10,Sobrecomprado
2022-03-31,50.00,71.78,Sobrecomprado
2022-04-01,63.53,75.56,Sobrecomprado
2022-04-04,62.65,74.65,Sobrecomprado
2022-04-05,49.00,61.60,Neutro
2022-04-06,39.27,53.85,Neutro
2022-04-07,24.86,49.15,Neutro
2022-04-08,28.39,50.73,Neutro
2022-04-11,28.03,40.00,Neutro
2022-04-12,18.99,42.07,Neutro
2022-04-13,20.99,42.07,Neutro
2022-04-14,23.13,38.04,Neutro
2022-04-18,26.98,34.78,Neutro
2022-04-19,40.26,32.02,Neutro
2022-04-20,41.72,34.97,Neutro
2022-04-21,40.38,34.19,Neutro
2022-04-22,30.73,25.62,Sobrevendido
2022-04-25,21.98,21.51,Sobrevendido
2022-04-26,17.17,19.47,Sobrevendido
2022-04-27,18.67,21.65,Sobrevendido
2022-04-28,25.91,31.42,Neutro
2022-04-29,20.06,27.10,Sobrevendido
2022-05-02,23.25,29.51,Sobrevendido
2022-05-03,35.71,33.33,Neutro
2022-05-04,47.83,37.55,Neutro
2022-05-05,43.00,31.85,Neutro
2022-05-06,40.37,31.44,Neutro
2022-05-09,21.59,23.37,Sobrevendido
2022-05-10,29.25,24.51,Sobrevendido
2022-05-11,25.98,24.75,Sobrevendido
2022-05-12,21.36,27.24,Sobrevendido
2022-05-13,22.80,34.21,Neutro
2022-05-16,32.33,38.40,Neutro
2022-05-17,47.96,43.82,Neutro
2022-05-18,48.13,33.06,Neutro
2022-05-19,47.55,37.92,Neutro
2022-05-20,55.84,38.26,Neutro
2022-05-23,64.50,40.68,Neutro
2022-05-24,47.93,32.78,Neutro
2022-05-25,53.39,42.60,Neutro
2022-05-26,51.87,49.69,Neutro
2022-05-27,89.07,64.75,Neutro
2022-05-31,83.87,62.53,Neutro
2022-06-01,76.50,65.43,Neutro
2022-06-02,77.07,70.02,Sobrecomprado
2022-06-03,70.22,59.28,Neutro
2022-06-06,69.82,61.63,Neutro
2022-06-07,64.17,57.61,Neutro
2022-06-08,43.31,67.94,Neutro
2022-06-09,33.66,57.73,Neutro
2022-06-10,26.98,48.89,Neutro
2022-06-13,7.08,34.15,Neutro
2022-06-14,9.34,35.99,Neutro
2022-06-15,18.63,39.52,Neutro
2022-06-16,12.00,28.62,Sobrevendido
2022-06-17,20.67,26.88,Sobrevendido
2022-06-21,28.39,30.20,Neutro
2022-06-22,37.72,33.11,Neutro
2022-06-23,60.53,29.11,Sobrevendido
2022-06-24,69.70,39.93,Neutro
2022-06-27,62.45,38.25,Neutro
2022-06-28,79.13,34.82,Neutro
2022-06-29,69.06,35.34,Neutro
2022-06-30,58.96,37.88,Neutro
2022-07-01,58.96,44.97,Neutro
2022-07-05,54.22,57.87,Neutro
2022-07-06,24.00,58.19,Neutro
2022-07-07,48.87,57.87,Neutro
2022-07-08,62.50,73.55,Sobrecomprado
2022-07-11,54.62,63.33,Neutro
2022-07-12,52.42,56.23,Neutro
2022-07-13,47.32,54.39,Neutro
2022-07-14,38.41,47.04,Neutro
2022-07-15,50.29,40.59,Neutro
2022-07-18,33.09,40.89,Neutro
2022-07-19,55.03,57.68,Neutro
2022-07-20,65.87,61.19,Neutro
2022-07-21,81.12,70.00,Neutro
2022-07-22,67.54,60.88,Neutro
2022-07-25,79.23,62.90,Neutro
2022-07-26,60.49,55.85,Neutro
2022-07-27,72.01,58.91,Neutro
2022-07-28,64.45,60.00,Neutro
2022-07-29,71.26,69.16,Neutro
2022-08-01,62.56,71.33,Sobrecomprado
2022-08-02,65.24,66.44,Neutro
2022-08-03,69.33,73.93,Sobrecomprado
2022-08-04,83.57,72.25,Sobrecomprado
2022-08-05,60.22,67.26,Neutro
2022-08-08,65.05,64.75,Neutro
2022-08-09,45.88,61.25,Neutro
2022-08-10,63.04,62.81,Neutro
2022-08-11,67.76,66.51,Neutro
2022-08-12,67.45,68.44,Neutro
2022-08-15,67.30,75.47,Sobrecomprado
2022-08-16,79.33,69.72,Neutro
2022-08-17,66.47,65.70,Neutro
2022-08-18,75.32,59.88,Neutro
2022-08-19,39.52,54.80,Neutro
2022-08-22,29.34,50.92,Neutro
2022-08-23,9.42,44.57,Neutro
2022-08-24,3.85,43.11,Neutro
2022-08-25,11.76,50.16,Neutro
2022-08-26,9.36,38.08,Neutro
2022-08-29,8.06,38.53,Neutro
2022-08-30,8.38,21.12,Sobrevendido
2022-08-31,11.28,21.33,Sobrevendido
2022-09-01,10.49,9.96,Sobrevendido
2022-09-02,6.92,5.54,Sobrevendido
2022-09-06,0.00,5.48,Sobrevendido
2022-09-07,30.07,18.79,Sobrevendido
2022-09-08,39.13,21.30,Sobrevendido
2022-09-09,64.00,33.74,Neutro
2022-09-12,73.99,46.73,Neutro
2022-09-13,50.20,35.93,Neutro
2022-09-14,54.24,35.19,Neutro
2022-09-15,51.41,31.60,Neutro
2022-09-16,38.12,34.97,Neutro
2022-09-19,33.04,35.36,Neutro
2022-09-20,16.75,37.54,Neutro
2022-09-21,0.00,34.59,Neutro
2022-09-22,0.00,32.49,Neutro
2022-09-23,0.00,32.24,Neutro
2022-09-26,0.00,30.48,Neutro
2022-09-27,0.00,22.08,Sobrevendido
2022-09-28,13.29,24.43,Sobrevendido
2022-09-29,12.37,14.59,Sobrevendido
2022-09-30,13.22,6.20,Sobrevendido
2022-10-03,33.73,18.36,Sobrevendido
2022-10-04,63.90,38.31,Neutro
2022-10-05,67.25,38.50,Neutro
2022-10-06,62.60,37.75,Neutro
2022-10-07,45.96,33.62,Neutro
2022-10-10,43.52,31.62,Neutro
2022-10-11,48.39,34.88,Neutro
2022-10-12,36.96,35.75,Neutro
2022-10-13,30.68,46.95,Neutro
2022-10-14,25.58,43.58,Neutro
2022-10-17,44.57,51.90,Neutro
2022-10-18,57.85,52.30,Neutro
2022-10-19,57.67,50.88,Neutro
2022-10-20,55.59,52.30,Neutro
2022-10-21,66.28,53.29,Neutro
2022-10-24,59.79,46.31,Neutro
2022-10-25,81.54,51.52,Neutro
2022-10-26,73.03,54.00,Neutro
2022-10-27,61.08,58.94,Neutro
2022-10-28,84.43,66.73,Neutro
2022-10-31,81.03,64.36,Neutro
2022-11-01,74.81,68.62,Neutro
2022-11-02,50.94,56.67,Neutro
2022-11-03,27.56,61.30,Neutro
2022-11-04,48.40,59.45,Neutro
2022-11-07,54.07,57.18,Neutro
2022-11-08,51.27,66.48,Neutro
2022-11-09,45.50,61.11,Neutro
2022-11-10,66.01,68.38,Neutro
2022-11-11,77.38,68.89,Neutro
2022-11-14,81.50,63.79,Neutro
2022-11-15,78.15,64.83,Neutro
2022-11-16,72.08,64.43,Neutro
2022-11-17,62.32,57.80,Neutro
2022-11-18,76.51,62.82,Neutro
2022-11-21,46.43,59.73,Neutro
2022-11-22,50.55,67.95,Neutro
2022-11-23,53.18,71.54,Sobrecomprado
2022-11-25,56.45,69.30,Neutro
2022-11-28,51.22,63.32,Neutro
2022-11-29,59.32,61.17,Neutro
2022-11-30,65.88,71.95,Sobrecomprado
2022-12-01,74.74,61.45,Neutro
2022-12-02,70.19,59.77,Neutro
2022-12-05,54.85,54.09,Neutro
2022-12-06,43.81,50.00,Neutro
2022-12-07,53.80,52.34,Neutro
2022-12-08,56.29,57.85,Neutro
2022-12-09,22.92,52.44,Neutro
2022-12-12,27.45,58.22,Neutro
2022-12-13,42.19,57.79,Neutro
2022-12-14,64.29,57.59,Neutro
2022-12-15,37.24,41.00,Neutro
2022-12-16,34.18,43.99,Neutro
2022-12-19,26.01,40.88,Neutro
2022-12-20,28.65,26.64,Sobrevendido
2022-12-21,35.20,32.55,Neutro
2022-12-22,17.46,27.44,Sobrevendido
2022-12-23,22.75,35.53,Neutro
2022-12-27,40.52,38.70,Neutro
2022-12-28,30.13,32.17,Neutro
2022-12-29,55.96,41.80,Neutro
2022-12-30,51.52,40.69,Neutro
2023-01-03,47.25,41.01,Neutro
2023-01-04,62.15,39.07,Neutro
2023-01-05,49.75,36.67,Neutro
2023-01-06,62.17,55.61,Neutro
2023-01-09,77.93,57.72,Neutro
2023-01-10,72.67,63.84,Neutro
2023-01-11,80.11,65.17,Neutro
2023-01-12,81.82,65.26,Neutro
2023-01-13,79.55,70.82,Sobrecomprado
2023-01-17,98.68,70.74,Sobrecomprado
2023-01-18,68.70,64.14,Neutro
2023-01-19,60.31,71.22,Sobrecomprado
2023-01-20,66.01,69.54,Neutro
2023-01-23,67.09,74.04,Sobrecomprado
2023-01-24,61.19,73.49,Sobrecomprado
2023-01-25,60.90,71.52,Sobrecomprado
2023-01-26,63.89,81.69,Sobrecomprado
2023-01-27,84.35,76.52,Sobrecomprado
2023-01-30,75.19,67.69,Neutro
2023-01-31,71.68,68.42,Neutro
2023-02-01,73.55,69.89,Neutro
2023-02-02,76.81,69.12,Neutro
2023-02-03,65.22,63.27,Neutro
2023-02-06,50.90,56.91,Neutro
2023-02-07,56.15,66.89,Neutro
2023-02-08,59.32,66.01,Neutro
2023-02-09,48.17,57.76,Neutro
2023-02-10,32.62,51.53,Neutro
2023-02-13,37.09,56.06,Neutro
2023-02-14,44.53,56.06,Neutro
2023-02-15,57.55,53.48,Neutro
2023-02-16,33.33,47.80,Neutro
2023-02-17,39.13,52.42,Neutro
2023-02-21,29.03,39.93,Neutro
2023-02-22,28.35,30.60,Neutro
2023-02-23,19.47,29.55,Sobrevendido
2023-02-24,14.19,28.26,Sobrevendido
2023-02-27,22.56,36.30,Neutro
2023-02-28,24.18,27.97,Sobrevendido
2023-03-01,29.03,32.79,Neutro
2023-03-02,46.28,37.55,Neutro
2023-03-03,63.12,46.64,Neutro
2023-03-06,60.00,41.15,Neutro
2023-03-07,55.71,34.38,Neutro
2023-03-08,53.38,36.36,Neutro
2023-03-09,42.01,33.54,Neutro
2023-03-10,32.31,30.86,Neutro
2023-03-13,29.41,36.04,Neutro
2023-03-14,30.89,44.58,Neutro
2023-03-15,23.56,36.90,Neutro
2023-03-16,44.00,48.49,Neutro
2023-03-17,35.39,41.76,Neutro
2023-03-20,52.91,48.21,Neutro
2023-03-21,67.13,50.61,Neutro
2023-03-22,60.17,46.57,Neutro
2023-03-23,55.24,43.64,Neutro
2023-03-24,68.97,43.36,Neutro
2023-03-27,58.46,49.30,Neutro
2023-03-28,78.10,48.28,Neutro
2023-03-29,77.00,60.37,Neutro
2023-03-30,77.23,70.35,Sobrecomprado
2023-03-31,100.00,72.27,Sobrecomprado
2023-04-03,100.00,69.38,Neutro
2023-04-04,95.88,78.60,Sobrecomprado
2023-04-05,79.82,68.44,Neutro
2023-04-06,80.99,79.65,Sobrecomprado
2023-04-10,74.74,75.90,Sobrecomprado
2023-04-11,68.83,73.60,Sobrecomprado
2023-04-12,46.67,80.37,Sobrecomprado
2023-04-13,64.44,82.89,Sobrecomprado
2023-04-14,61.70,79.06,Sobrecomprado
2023-04-17,79.52,79.70,Sobrecomprado
2023-04-18,78.21,79.90,Sobrecomprado
2023-04-19,69.32,72.13,Sobrecomprado
2023-04-20,62.96,65.82,Neutro
2023-04-21,66.23,57.66,Neutro
2023-04-24,45.83,57.97,Neutro
2023-04-25,26.51,45.20,Neutro
2023-04-26,17.95,49.69,Neutro
2023-04-27,47.97,59.70,Neutro
2023-04-28,55.83,61.54,Neutro
2023-05-01,54.92,58.13,Neutro
2023-05-02,46.53,53.39,Neutro
2023-05-03,42.96,43.68,Neutro
2023-05-04,53.98,42.35,Neutro
2023-05-05,67.97,51.08,Neutro
2023-05-08,51.49,49.55,Neutro
2023-05-09,41.51,49.12,Neutro
2023-05-10,47.22,51.30,Neutro
2023-05-11,60.00,51.53,Neutro
2023-05-12,60.00,49.34,Neutro
2023-05-15,76.74,63.82,Neutro
2023-05-16,40.35,60.48,Neutro
2023-05-17,54.67,52.84,Neutro
2023-05-18,71.62,53.89,Neutro
2023-05-19,71.62,57.14,Neutro
2023-05-22,75.34,67.09,Neutro
2023-05-23,50.00,54.36,Neutro
2023-05-24,33.61,51.71,Neutro
2023-05-25,42.98,42.11,Neutro
2023-05-26,52.90,53.52,Neutro
2023-05-30,43.88,53.52,Neutro
2023-05-31,37.76,49.31,Neutro
2023-06-01,45.40,54.66,Neutro
2023-06-02,71.26,62.82,Neutro
2023-06-05,75.80,57.61,Neutro
2023-06-06,77.11,63.21,Neutro
2023-06-07,57.43,55.24,Neutro
2023-06-08,68.35,56.90,Neutro
2023-06-09,74.84,57.05,Neutro
2023-06-12,74.17,59.24,Neutro
2023-06-13,70.45,70.90,Sobrecomprado
2023-06-14,80.00,77.66,Sobrecomprado
2023-06-15,81.34,79.00,Sobrecomprado
2023-06-16,97.32,74.62,Sobrecomprado
2023-06-20,74.78,71.06,Sobrecomprado
2023-06-21,63.93,70.04,Sobrecomprado
2023-06-22,55.56,66.41,Neutro
2023-06-23,31.78,53.14,Neutro
2023-06-26,25.47,54.98,Neutro
2023-06-27,28.83,57.55,Neutro
2023-06-28,27.35,61.57,Neutro
2023-06-29,42.72,59.63,Neutro
2023-06-30,64.23,64.08,Neutro
2023-07-03,68.75,62.71,Neutro
2023-07-05,72.13,53.28,Neutro
2023-07-06,56.77,44.06,Neutro
2023-07-07,49.62,40.16,Neutro
2023-07-10,55.73,42.34,Neutro
2023-07-11,58.87,52.05,Neutro
2023-07-12,58.57,61.22,Neutro
2023-07-13,63.75,65.97,Neutro
2023-07-14,70.83,71.43,Sobrecomprado
2023-07-17,97.37,73.98,Sobrecomprado
2023-07-18,97.37,71.66,Sobrecomprado
2023-07-19,97.46,75.50,Sobrecomprado
2023-07-20,73.23,65.67,Neutro
2023-07-21,66.00,61.67,Neutro
2023-07-24,54.05,60.68,Neutro
2023-07-25,64.37,68.40,Neutro
2023-07-26,55.95,79.80,Sobrecomprado
2023-07-27,42.53,73.63,Sobrecomprado
2023-07-28,51.92,76.13,Sobrecomprado
2023-07-31,69.23,71.71,Sobrecomprado
2023-08-01,51.65,59.16,Neutro
2023-08-02,34.11,41.38,Neutro
2023-08-03,22.05,39.25,Neutro
2023-08-04,21.71,35.21,Neutro
2023-08-07,37.14,39.21,Neutro
2023-08-08,18.46,33.33,Neutro
2023-08-09,18.46,37.50,Neutro
2023-08-10,24.56,36.59,Neutro
2023-08-11,30.11,32.43,Neutro
2023-08-14,41.38,29.91,Sobrevendido
2023-08-15,34.29,27.35,Sobrevendido
2023-08-16,11.21,25.91,Sobrevendido
2023-08-17,12.24,15.79,Sobrevendido
2023-08-18,12.12,15.72,Sobrevendido
2023-08-21,20.91,22.77,Sobrevendido
2023-08-22,24.21,27.13,Sobrevendido
2023-08-23,36.84,38.81,Neutro
2023-08-24,36.84,35.62,Neutro
2023-08-25,52.08,30.54,Neutro
2023-08-28,68.10,42.52,Neutro
2023-08-29,79.74,53.17,Neutro
2023-08-30,78.47,53.54,Neutro
2023-08-31,75.84,55.74,Neutro
2023-09-01,71.65,55.19,Neutro
2023-09-05,75.83,56.84,Neutro
2023-09-06,63.85,58.85,Neutro
2023-09-07,44.63,56.12,Neutro
2023-09-08,23.86,59.34,Neutro
2023-09-11,31.63,59.50,Neutro
2023-09-12,29.81,56.92,Neutro
2023-09-13,24.76,50.43,Neutro
2023-09-14,48.72,62.45,Neutro
2023-09-15,48.31,56.45,Neutro
2023-09-18,51.35,47.84,Neutro
2023-09-19,46.53,35.98,Neutro
2023-09-20,28.70,30.10,Neutro
2023-09-21,22.96,25.94,Sobrevendido
2023-09-22,25.19,25.00,Sobrevendido
2023-09-25,1.98,27.06,Sobrevendido
2023-09-26,1.63,24.48,Sobrevendido
2023-09-27,1.77,26.34,Sobrevendido
2023-09-28,14.62,28.57,Sobrevendido
2023-09-29,17.43,23.04,Sobrevendido
2023-10-02,24.36,23.47,Sobrevendido
2023-10-03,14.17,19.92,Sobrevendido
2023-10-04,24.44,14.83,Sobrevendido
2023-10-05,44.55,21.89,Sobrevendido
2023-10-06,58.87,33.46,Neutro
2023-10-09,51.56,32.95,Neutro
2023-10-10,61.54,43.40,Neutro
2023-10-11,69.81,54.85,Neutro
2023-10-12,81.62,50.00,Neutro
2023-10-13,67.38,46.38,Neutro
2023-10-16,69.74,59.16,Neutro
2023-10-17,56.69,57.84,Neutro
2023-10-18,43.37,46.94,Neutro
2023-10-19,26.09,43.53,Neutro
2023-10-20,15.00,40.71,Neutro
2023-10-23,16.46,46.00,Neutro
2023-10-24,28.40,46.53,Neutro
2023-10-25,11.31,39.06,Neutro
2023-10-26,10.11,28.89,Sobrevendido
2023-10-27,12.84,28.98,Sobrevendido
2023-10-30,29.73,27.83,Sobrevendido
2023-10-31,47.37,28.75,Sobrevendido
2023-11-01,55.48,34.84,Neutro
2023-11-02,65.43,48.29,Neutro
2023-11-03,83.16,49.44,Neutro
2023-11-06,98.18,51.27,Neutro
2023-11-07,98.18,57.83,Neutro
2023-11-08,97.87,62.98,Neutro
2023-11-09,90.84,68.94,Neutro
2023-11-10,91.24,72.79,Sobrecomprado
2023-11-13,84.21,70.83,Sobrecomprado
2023-11-14,89.66,85.62,Sobrecomprado
2023-11-15,85.47,92.91,Sobrecomprado
2023-11-16,88.71,94.12,Sobrecomprado
2023-11-17,89.63,93.84,Sobrecomprado
2023-11-20,96.48,93.77,Sobrecomprado
2023-11-21,95.80,93.36,Sobrecomprado
2023-11-22,95.93,91.46,Sobrecomprado
2023-11-24,89.58,89.63,Sobrecomprado
2023-11-27,100.00,89.63,Sobrecomprado
2023-11-28,100.00,91.36,Sobrecomprado
2023-11-29,100.00,91.57,Sobrecomprado
2023-11-30,100.00,96.99,Sobrecomprado
2023-12-01,100.00,96.79,Sobrecomprado
2023-12-04,73.33,89.88,Sobrecomprado
2023-12-05,68.75,79.17,Sobrecomprado
2023-12-06,58.00,78.35,Sobrecomprado
2023-12-07,70.00,80.56,Sobrecomprado
2023-12-08,72.00,80.19,Sobrecomprado
2023-12-11,71.23,78.35,Sobrecomprado
2023-12-12,71.62,81.08,Sobrecomprado
2023-12-13,90.91,85.42,Sobrecomprado
2023-12-14,95.16,87.79,Sobrecomprado
2023-12-15,88.72,80.33,Sobrecomprado
2023-12-18,88.10,81.63,Sobrecomprado
2023-12-19,88.81,82.78,Sobrecomprado
2023-12-20,67.47,68.62,Neutro
2023-12-21,71.12,71.26,Sobrecomprado
2023-12-22,64.71,75.00,Sobrecomprado
2023-12-26,59.70,76.74,Sobrecomprado
2023-12-27,72.14,80.22,Sobrecomprado
2023-12-28,69.77,78.82,Sobrecomprado
2023-12-29,62.07,76.40,Sobrecomprado
2024-01-02,66.06,66.91,Neutro
2024-01-03,31.86,56.33,Neutro
2024-01-04,35.29,51.84,Neutro
2024-01-05,29.73,46.12,Neutro
2024-01-08,40.00,56.67,Neutro
2024-01-09,35.77,52.26,Neutro
2024-01-10,50.89,55.44,Neutro
2024-01-11,56.58,60.54,Neutro
2024-01-12,77.97,55.41,Neutro
2024-01-16,61.48,49.21,Neutro
2024-01-17,50.61,42.18,Neutro
2024-01-18,48.08,44.41,Neutro
2024-01-19,58.48,48.38,Neutro
2024-01-22,50.00,50.48,Neutro
2024-01-23,57.89,57.19,Neutro
2024-01-24,58.21,67.46,Neutro
2024-01-25,73.91,67.20,Neutro
2024-01-26,100.00,67.98,Neutro
2024-01-29,100.00,64.94,Neutro
2024-01-30,90.91,66.37,Neutro
2024-01-31,48.28,49.34,Neutro
2024-02-01,61.54,59.60,Neutro
2024-02-02,62.50,60.24,Neutro
2024-02-05,54.84,64.02,Neutro
2024-02-06,57.25,74.55,Sobrecomprado
2024-02-07,59.12,73.58,Sobrecomprado
2024-02-08,59.56,68.59,Neutro
2024-02-09,86.49,69.70,Neutro
2024-02-12,82.14,70.15,Sobrecomprado
2024-02-13,44.03,52.76,Neutro
2024-02-14,60.00,57.75,Neutro
2024-02-15,64.25,61.29,Neutro
2024-02-16,54.49,56.58,Neutro
2024-02-20,52.60,55.66,Neutro
2024-02-21,50.00,64.73,Neutro
2024-02-22,59.20,65.96,Neutro
2024-02-23,84.40,64.73,Neutro
2024-02-26,78.10,67.17,Neutro
2024-02-27,65.82,64.73,Neutro
2024-02-28,69.33,59.09,Neutro
2024-02-29,84.71,63.18,Neutro
2024-03-01,87.13,64.15,Neutro
2024-03-04,66.67,60.98,Neutro
2024-03-05,45.16,68.80,Neutro
2024-03-06,56.90,66.97,Neutro
2024-03-07,68.92,67.84,Neutro
2024-03-08,65.38,66.67,Neutro
2024-03-11,58.16,68.14,Neutro
2024-03-12,61.44,71.65,Sobrecomprado
2024-03-13,61.44,62.96,Neutro
2024-03-14,67.14,58.37,Neutro
2024-03-15,51.85,54.18,Neutro
2024-03-18,43.97,57.95,Neutro
2024-03-19,52.43,60.23,Neutro
2024-03-20,68.79,63.48,Neutro
2024-03-21,55.75,59.02,Neutro
2024-03-22,55.75,59.02,Neutro
2024-03-25,64.29,65.97,Neutro
2024-03-26,66.32,57.83,Neutro
2024-03-27,71.43,57.46,Neutro
2024-03-28,64.17,58.74,Neutro
2024-04-01,46.25,60.63,Neutro
2024-04-02,32.74,44.25,Neutro
2024-04-03,44.72,50.00,Neutro
2024-04-04,33.33,44.87,Neutro
2024-04-05,49.73,55.32,Neutro
2024-04-08,37.11,51.29,Neutro
2024-04-09,42.95,52.17,Neutro
2024-04-10,34.41,37.97,Neutro
2024-04-11,48.45,41.97,Neutro
2024-04-12,31.09,36.39,Neutro
2024-04-15,33.33,33.33,Neutro
2024-04-16,14.01,33.43,Neutro
2024-04-17,13.41,25.08,Sobrevendido
2024-04-18,8.75,25.63,Sobrevendido
2024-04-19,9.52,23.42,Sobrevendido
2024-04-22,17.90,33.13,Neutro
2024-04-23,43.54,36.47,Neutro
2024-04-24,59.06,43.97,Neutro
2024-04-25,54.74,32.99,Neutro
2024-04-26,70.30,41.95,Neutro
2024-04-29,72.39,40.87,Neutro
2024-04-30,66.29,40.62,Neutro
2024-05-01,53.61,35.98,Neutro
2024-05-02,57.46,51.22,Neutro
2024-05-03,63.33,61.72,Neutro
2024-05-06,74.63,66.67,Neutro
2024-05-07,69.41,69.85,Neutro
2024-05-08,67.05,69.64,Neutro
2024-05-09,85.62,75.23,Sobrecomprado
2024-05-10,96.62,73.89,Sobrecomprado
2024-05-13,89.42,69.12,Neutro
2024-05-14,88.30,71.05,Sobrecomprado
2024-05-15,89.62,79.74,Sobrecomprado
2024-05-16,88.12,76.38,Sobrecomprado
2024-05-17,89.90,75.37,Sobrecomprado
2024-05-20,88.10,86.50,Sobrecomprado
2024-05-21,87.01,93.33,Sobrecomprado
2024-05-22,83.75,86.96,Sobrecomprado
2024-05-23,53.62,73.62,Sobrecomprado
2024-05-24,50.77,74.85,Sobrecomprado
2024-05-28,53.73,74.40,Sobrecomprado
2024-05-29,32.73,59.81,Neutro
2024-05-30,35.65,57.79,Neutro
2024-05-31,32.73,55.08,Neutro
2024-06-03,40.91,58.95,Neutro
2024-06-04,50.00,51.55,Neutro
2024-06-05,58.56,55.68,Neutro
2024-06-06,62.30,59.26,Neutro
2024-06-07,67.86,50.45,Neutro
2024-06-10,72.73,55.47,Neutro
2024-06-11,70.07,53.44,Neutro
2024-06-12,74.85,61.17,Neutro
2024-06-13,69.54,62.78,Neutro
2024-06-14,54.01,56.05,Neutro
2024-06-17,58.28,60.07,Neutro
2024-06-18,73.33,70.69,Sobrecomprado
2024-06-20,60.00,67.09,Neutro
2024-06-21,66.67,68.55,Neutro
2024-06-24,40.21,61.92,Neutro
2024-06-25,57.41,64.89,Neutro
2024-06-26,52.99,53.54,Neutro
2024-06-27,50.45,54.96,Neutro
2024-06-28,41.48,56.47,Neutro
2024-07-01,53.69,56.30,Neutro
2024-07-02,55.77,60.30,Neutro
2024-07-03,70.00,58.75,Neutro
2024-07-05,68.00,63.57,Neutro
2024-07-08,78.99,67.06,Neutro
2024-07-09,71.90,61.64,Neutro
2024-07-10,95.90,67.32,Neutro
2024-07-11,95.33,71.09,Sobrecomprado
2024-07-12,95.61,72.59,Sobrecomprado
2024-07-15,75.00,72.06,Sobrecomprado
2024-07-16,76.47,71.75,Sobrecomprado
2024-07-17,60.87,69.93,Neutro
2024-07-18,46.67,56.81,Neutro
2024-07-19,31.40,58.16,Neutro
2024-07-22,45.37,61.92,Neutro
2024-07-23,34.11,55.49,Neutro
2024-07-24,29.67,43.85,Neutro
2024-07-25,21.99,40.00,Neutro
2024-07-26,33.33,43.31,Neutro
2024-07-29,44.44,45.48,Neutro
2024-07-30,46.94,39.67,Neutro
2024-07-31,47.21,46.25,Neutro
2024-08-01,38.11,36.24,Neutro
2024-08-02,40.79,35.02,Neutro
2024-08-05,29.52,26.26,Sobrevendido
2024-08-06,28.85,30.81,Neutro
2024-08-07,26.49,33.79,Neutro
2024-08-08,39.54,42.20,Neutro
2024-08-09,34.88,39.54,Neutro
2024-08-12,42.80,40.55,Neutro
2024-08-13,61.51,52.41,Neutro
2024-08-14,92.75,53.54,Neutro
2024-08-15,93.91,56.46,Neutro
2024-08-16,93.48,55.45,Neutro
2024-08-19,93.24,60.42,Neutro
2024-08-20,88.12,55.32,Neutro
2024-08-21,93.24,64.97,Neutro
2024-08-22,77.91,67.40,Neutro
2024-08-23,84.08,88.32,Sobrecomprado
2024-08-26,67.30,83.03,Sobrecomprado
2024-08-27,71.51,83.86,Sobrecomprado
2024-08-28,54.17,77.87,Sobrecomprado
2024-08-29,58.09,76.04,Sobrecomprado
2024-08-30,60.42,79.77,Sobrecomprado
2024-09-03,47.28,61.67,Neutro
2024-09-04,28.48,59.61,Neutro
2024-09-05,32.37,51.01,Neutro
2024-09-06,14.20,43.68,Neutro
2024-09-09,29.73,40.43,Neutro
2024-09-10,31.94,42.81,Neutro
2024-09-11,37.20,46.72,Neutro
2024-09-12,60.00,53.39,Neutro
2024-09-13,71.11,51.18,Neutro
2024-09-16,71.82,54.69,Neutro
2024-09-17,98.48,51.16,Neutro
2024-09-18,93.40,52.92,Neutro
2024-09-19,95.45,60.29,Neutro
2024-09-20,84.38,55.22,Neutro
2024-09-23,83.61,69.86,Neutro
2024-09-24,81.98,75.26,Sobrecomprado
2024-09-25,78.76,74.49,Sobrecomprado
2024-09-26,85.03,91.40,Sobrecomprado
2024-09-27,81.17,86.15,Sobrecomprado
2024-09-30,64.81,82.82,Sobrecomprado
2024-10-01,58.33,71.77,Sobrecomprado
2024-10-02,53.27,69.43,Neutro
2024-10-03,36.21,58.59,Neutro
2024-10-04,50.35,62.99,Neutro
2024-10-07,30.43,61.07,Neutro
2024-10-08,39.82,63.67,Neutro
2024-10-09,47.32,55.91,Neutro
2024-10-10,62.22,60.00,Neutro
2024-10-11,63.44,58.00,Neutro
2024-10-14,89.47,60.19,Neutro
2024-10-15,51.85,51.00,Neutro
2024-10-16,65.57,48.52,Neutro
2024-10-17,56.91,48.73,Neutro
2024-10-18,61.31,55.02,Neutro
2024-10-21,53.29,56.61,Neutro
2024-10-22,47.68,53.69,Neutro
2024-10-23,30.87,53.69,Neutro
2024-10-24,48.74,50.22,Neutro
2024-10-25,33.66,51.12,Neutro
2024-10-28,42.27,50.45,Neutro
2024-10-29,37.78,51.98,Neutro
2024-10-30,33.66,45.45,Neutro
2024-10-31,24.29,36.43,Neutro
2024-11-01,29.31,30.19,Neutro
2024-11-04,22.64,36.44,Neutro
2024-11-05,45.32,40.42,Neutro
2024-11-06,54.76,50.19,Neutro
2024-11-07,60.00,52.86,Neutro
2024-11-08,66.67,54.41,Neutro
2024-11-11,92.75,58.27,Neutro
2024-11-12,72.32,55.29,Neutro
2024-11-13,71.59,53.19,Neutro
2024-11-14,58.00,51.90,Neutro
2024-11-15,30.91,42.94,Neutro
2024-11-18,20.83,43.11,Neutro
2024-11-19,34.59,51.21,Neutro
2024-11-20,25.47,56.52,Neutro
2024-11-21,41.30,58.73,Neutro
2024-11-22,49.37,61.08,Neutro
2024-11-25,57.05,57.52,Neutro
2024-11-26,85.19,52.38,Neutro
2024-11-27,83.67,46.28,Neutro
2024-11-29,82.42,52.00,Neutro
2024-12-02,100.00,53.31,Neutro
2024-12-03,91.95,60.89,Neutro
2024-12-04,92.39,65.20,Neutro
2024-12-05,88.10,67.92,Neutro
2024-12-06,89.80,87.38,Sobrecomprado
2024-12-09,86.32,84.97,Sobrecomprado
2024-12-10,55.17,67.15,Neutro
2024-12-11,59.69,76.89,Sobrecomprado
2024-12-12,55.80,69.78,Neutro
2024-12-13,44.35,65.70,Neutro
2024-12-16,48.74,65.02,Neutro
2024-12-17,35.65,60.56,Neutro
2024-12-18,18.47,38.80,Neutro
2024-12-19,22.40,35.12,Neutro
2024-12-20,20.22,36.81,Neutro
2024-12-23,32.26,42.28,Neutro
2024-12-24,37.88,40.26,Neutro
2024-12-26,35.23,40.38,Neutro
2024-12-27,34.17,34.71,Neutro
2024-12-30,51.13,30.70,Neutro
2024-12-31,46.26,33.03,Neutro
2025-01-02,33.05,25.34,Sobrevendido
2025-01-03,40.15,35.53,Neutro
2025-01-06,40.60,38.97,Neutro
2025-01-07,33.13,34.27,Neutro
2025-01-08,39.60,36.49,Neutro
2025-01-10,32.24,40.19,Neutro
2025-01-13,34.50,39.94,Neutro
2025-01-14,37.43,35.69,Neutro
2025-01-15,44.55,42.81,Neutro
2025-01-16,39.15,39.75,Neutro
2025-01-17,55.38,44.99,Neutro
2025-01-21,62.95,53.62,Neutro
2025-01-22,96.87,62.39,Neutro
2025-01-23,98.19,65.88,Neutro
2025-01-24,98.24,67.05,Neutro
2025-01-27,66.67,54.29,Neutro
2025-01-28,72.22,55.28,Neutro
2025-01-29,61.59,58.29,Neutro
2025-01-30,58.00,60.96,Neutro
2025-01-31,46.79,72.15,Sobrecomprado
2025-02-03,35.52,65.33,Neutro
2025-02-04,41.87,67.56,Neutro
2025-02-05,60.23,63.33,Neutro
2025-02-06,57.50,65.29,Neutro
2025-02-07,52.27,56.76,Neutro
2025-02-10,50.00,53.77,Neutro
2025-02-11,55.63,51.14,Neutro
2025-02-12,73.33,50.50,Neutro
2025-02-13,73.11,53.42,Neutro
2025-02-14,71.68,64.79,Neutro
2025-02-18,70.37,62.69,Neutro
2025-02-19,89.41,64.37,Neutro
2025-02-20,87.32,61.09,Neutro
2025-02-21,51.67,53.87,Neutro
2025-02-24,40.56,55.51,Neutro
2025-02-25,30.33,51.45,Neutro
2025-02-26,22.12,46.90,Neutro
2025-02-27,10.30,34.07,Neutro
2025-02-28,30.39,47.75,Neutro
2025-03-03,23.50,38.36,Neutro
2025-03-04,24.77,34.21,Neutro
2025-03-05,42.86,42.01,Neutro
2025-03-06,33.10,32.27,Neutro
2025-03-07,40.75,35.88,Neutro
2025-03-10,35.71,27.79,Sobrevendido
2025-03-11,25.60,27.43,Sobrevendido
2025-03-12,32.91,28.88,Sobrevendido
2025-03-13,32.59,29.37,Sobrevendido
2025-03-14,35.84,38.82,Neutro
2025-03-17,48.06,40.87,Neutro
2025-03-18,37.50,39.17,Neutro
2025-03-19,62.88,46.21,Neutro
2025-03-20,65.45,41.49,Neutro
2025-03-21,56.50,42.72,Neutro
2025-03-24,77.02,51.54,Neutro
2025-03-25,68.05,46.71,Neutro
2025-03-26,48.85,48.35,Neutro
2025-03-27,57.82,44.12,Neutro
2025-03-28,29.89,48.18,Neutro
2025-03-31,30.56,49.75,Neutro
2025-04-01,40.23,49.37,Neutro
2025-04-02,22.39,57.18,Neutro
2025-04-03,12.10,34.77,Neutro
2025-04-04,7.43,19.90,Sobrevendido
2025-04-07,6.71,19.36,Sobrevendido
2025-04-08,7.37,14.38,Sobrevendido
2025-04-09,46.45,43.21,Neutro
2025-04-10,37.73,38.16,Neutro
2025-04-11,41.21,38.71,Neutro
2025-04-14,49.56,40.65,Neutro
2025-04-15,65.80,42.63,Neutro
2025-04-16,65.06,40.64,Neutro
2025-04-17,68.33,43.69,Neutro
2025-04-21,31.56,41.43,Neutro
2025-04-22,63.61,44.51,Neutro
2025-04-23,62.19,46.33,Neutro
2025-04-24,64.33,53.61,Neutro
2025-04-25,66.35,65.99,Neutro
2025-04-28,80.29,69.78,Neutro
2025-04-29,79.85,71.94,Sobrecomprado
2025-04-30,100.00,57.76,Neutro
2025-05-01,100.00,76.99,Sobrecomprado
2025-05-02,100.00,76.64,Sobrecomprado
2025-05-05,90.58,72.60,Sobrecomprado
2025-05-06,77.60,69.53,Neutro
2025-05-07,68.85,76.81,Sobrecomprado
2025-05-08,74.67,78.01,Sobrecomprado
2025-05-09,72.97,89.19,Sobrecomprado
2025-05-12,81.31,89.61,Sobrecomprado
2025-05-13,78.26,88.86,Sobrecomprado
2025-05-14,80.90,85.13,Sobrecomprado
2025-05-15,89.95,85.03,Sobrecomprado
2025-05-16,95.14,84.69,Sobrecomprado
2025-05-19,94.83,85.49,Sobrecomprado
2025-05-20,95.38,85.05,Sobrecomprado
2025-05-21,61.29,73.96,Sobrecomprado
2025-05-22,45.37,66.10,Neutro
2025-05-23,44.14,66.78,Neutro
2025-05-27,54.41,75.08,Sobrecomprado
2025-05-28,46.58,73.72,Sobrecomprado
2025-05-29,43.48,72.12,Sobrecomprado
2025-05-30,46.53,73.19,Sobrecomprado
2025-06-02,66.67,63.83,Neutro
2025-06-03,76.36,61.01,Neutro
2025-06-04,87.30,67.09,Neutro
2025-06-05,68.60,59.91,Neutro
2025-06-06,87.50,61.97,Neutro
2025-06-09,87.64,60.79,Neutro
2025-06-10,88.54,63.33,Neutro
2025-06-11,81.25,73.43,Sobrecomprado
2025-06-12,81.05,78.54,Sobrecomprado
2025-06-13,43.59,66.26,Neutro
2025-06-16,59.85,63.23,Neutro
2025-06-17,41.56,58.26,Neutro
2025-06-18,39.19,57.38,Neutro
2025-06-20,27.67,50.59,Neutro
2025-06-23,44.04,56.40,Neutro
2025-06-24,55.00,62.39,Neutro
2025-06-25,64.71,57.01,Neutro
2025-06-26,63.82,62.20,Neutro
2025-06-27,79.56,62.09,Neutro
2025-06-30,82.38,64.53,Neutro
2025-07-01,85.22,59.94,Neutro
2025-07-02,83.96,63.68,Neutro
2025-07-03,80.52,64.97,Neutro
2025-07-07,71.68,67.90,Neutro
2025-07-08,60.87,62.50,Neutro
2025-07-09,63.58,71.75,Sobrecomprado
2025-07-10,54.61,71.23,Sobrecomprado
2025-07-11,59.69,75.30,Sobrecomprado
2025-07-14,46.02,69.67,Neutro
2025-07-15,27.62,59.07,Neutro
2025-07-16,54.08,65.31,Neutro
2025-07-17,71.30,65.06,Neutro
2025-07-18,60.76,62.70,Neutro
2025-07-21,68.09,60.00,Neutro
2025-07-22,72.73,64.98,Neutro
2025-07-23,87.60,67.52,Neutro
2025-07-24,95.50,62.50,Neutro
2025-07-25,94.68,73.96,Sobrecomprado
2025-07-28,73.86,72.45,Sobrecomprado
2025-07-29,61.32,61.08,Neutro
2025-07-30,49.00,58.25,Neutro
2025-07-31,41.18,54.59,Neutro
2025-08-01,5.74,46.50,Neutro
2025-08-04,37.50,59.93,Neutro
2025-08-05,33.71,55.02,Neutro
2025-08-06,46.15,55.19,Neutro
2025-08-07,52.66,56.00,Neutro
2025-08-08,62.16,57.54,Neutro
2025-08-11,62.84,54.30,Neutro
2025-08-12,87.22,54.30,Neutro
2025-08-13,83.45,57.78,Neutro
2025-08-14,81.69,55.21,Neutro
2025-08-15,78.33,58.94,Neutro
2025-08-18,78.51,63.45,Neutro
2025-08-19,58.97,60.93,Neutro
2025-08-20,65.71,63.89,Neutro
2025-08-21,36.49,72.44,Sobrecomprado
2025-08-22,58.41,72.22,Sobrecomprado
2025-08-25,53.23,68.42,Neutro
2025-08-26,54.69,66.13,Neutro
2025-08-27,53.60,65.85,Neutro
2025-08-28,68.70,63.79,Neutro
2025-08-29,57.66,61.16,Neutro
2025-09-02,50.00,45.69,Neutro
2025-09-03,34.71,46.15,Neutro
2025-09-04,55.64,54.47,Neutro
2025-09-05,53.17,53.94,Neutro
2025-09-08,60.14,57.14,Neutro
2025-09-09,58.45,63.04,Neutro
2025-09-10,75.38,66.29,Neutro
2025-09-11,100.00,72.76,Sobrecomprado
2025-09-12,98.25,65.53,Neutro
2025-09-15,98.15,74.69,Sobrecomprado
2025-09-16,92.17,71.78,Sobrecomprado
2025-09-17,88.04,70.83,Sobrecomprado
2025-09-18,89.42,71.54,Sobrecomprado
2025-09-19,89.32,81.55,Sobrecomprado
2025-09-22,86.75,94.88,Sobrecomprado
2025-09-23,69.90,84.79,Sobrecomprado
2025-09-24,49.46,75.62,Sobrecomprado
2025-09-25,42.59,68.16,Neutro
2025-09-26,52.38,67.43,Neutro
2025-09-29,50.00,68.30,Neutro
2025-09-30,53.49,69.40,Neutro
2025-10-01,57.14,68.16,Neutro
2025-10-02,70.54,70.26,Sobrecomprado
2025-10-03,82.26,68.20,Neutro
2025-10-06,100.00,72.44,Sobrecomprado
2025-10-07,77.60,64.94,Neutro
2025-10-08,79.56,65.76,Neutro
2025-10-09,65.65,59.62,Neutro
2025-10-10,28.91,40.17,Neutro
2025-10-13,43.82,52.53,Neutro
2025-10-14,40.00,53.47,Neutro
2025-10-15,42.18,59.44,Neutro
2025-10-16,45.67,56.20,Neutro
2025-10-17,43.44,56.43,Neutro
2025-10-20,53.99,57.87,Neutro
2025-10-21,87.65,54.42,Neutro
2025-10-22,63.56,49.87,Neutro
2025-10-23,74.63,51.63,Neutro
2025-10-24,75.71,53.49,Neutro
2025-10-27,84.57,61.54,Neutro
2025-10-28,84.02,60.05,Neutro
2025-10-29,70.67,60.05,Neutro
2025-10-30,59.89,73.16,Sobrecomprado
2025-10-31,69.43,66.91,Neutro
2025-11-03,64.44,69.52,Neutro
2025-11-04,35.90,54.73,Neutro
2025-11-05,28.06,59.55,Neutro
2025-11-06,18.67,51.64,Neutro
2025-11-07,20.26,45.21,Neutro
2025-11-10,51.34,55.49,Neutro
2025-11-11,53.09,60.40,Neutro
2025-11-12,55.39,59.00,Neutro
2025-11-13,49.56,44.01,Neutro
2025-11-14,41.51,36.18,Neutro
2025-11-17,39.64,30.67,Neutro
2025-11-18,35.77,29.82,Sobrevendido
2025-11-19,14.59,33.06,Neutro
2025-11-20,7.20,27.91,Sobrevendido
2025-11-21,16.09,33.33,Neutro
2025-11-24,40.91,45.11,Neutro
2025-11-25,50.00,46.25,Neutro
2025-11-26,65.64,53.64,Neutro
2025-11-28,75.00,55.31,Neutro
2025-12-01,67.29,45.68,Neutro
2025-12-02,87.96,45.80,Neutro
2025-12-03,86.67,46.27,Neutro
2025-12-04,81.43,55.76,Neutro
2025-12-05,78.15,58.66,Neutro
2025-12-08,57.00,63.23,Neutro
2025-12-09,50.57,68.58,Neutro
2025-12-10,81.72,71.03,Sobrecomprado
2025-12-11,79.52,85.62,Sobrecomprado
2025-12-12,45.37,71.95,Sobrecomprado
2025-12-15,42.34,64.14,Neutro
2025-12-16,36.63,59.09,Neutro
2025-12-17,27.21,39.83,Neutro
2025-12-18,43.75,46.01,Neutro
2025-12-19,43.75,56.88,Neutro
2025-12-22,49.49,58.42,Neutro
2025-12-23,67.80,59.30,Neutro
2025-12-24,71.89,60.81,Neutro
2025-12-26,72.34,59.86,Neutro
2025-12-29,89.47,60.07,Neutro
2025-12-30,84.21,59.66,Neutro
2025-12-31,58.18,49.30,Neutro
2026-01-02,53.54,50.85,Neutro
2026-01-05,58.93,64.36,Neutro
2026-01-06,62.60,68.18,Neutro
2026-01-07,54.26,64.98,Neutro
2026-01-08,56.91,74.91,Sobrecomprado
2026-01-09,65.31,73.56,Sobrecomprado
2026-01-12,82.17,71.13,Sobrecomprado
2026-01-13,64.43,60.08,Neutro
2026-01-14,47.24,52.72,Neutro
2026-01-15,40.18,51.91,Neutro
2026-01-16,46.53,50.87,Neutro
2026-01-20,25.97,38.49,Neutro
2026-01-21,31.28,45.91,Neutro
2026-01-22,38.25,54.62,Neutro
2026-01-23,46.11,54.09,Neutro
2026-01-26,56.31,52.85,Neutro
2026-01-27,60.18,53.55,Neutro
2026-01-28,58.77,55.02,Neutro
2026-01-29,90.54,55.02,Neutro
2026-01-30,65.28,45.72,Neutro
2026-02-02,60.94,46.67,Neutro
2026-02-03,43.11,44.72,Neutro
2026-02-04,28.30,44.11,Neutro
2026-02-05,8.70,37.07,Neutro
2026-02-06,37.88,47.56,Neutro
2026-02-09,46.90,61.64,Neutro
2026-02-10,52.92,57.36,Neutro
2026-02-11,49.18,53.23,Neutro
2026-02-12,45.63,44.65,Neutro
2026-02-13,49.59,41.23,Neutro
2026-02-17,65.17,38.18,Neutro
2026-02-18,48.15,41.35,Neutro
2026-02-19,24.58,40.44,Neutro
2026-02-20,42.67,49.14,Neutro
2026-02-23,33.51,42.30,Neutro
2026-02-24,62.50,52.20,Neutro
2026-02-25,68.81,58.26,Neutro
2026-02-26,61.32,63.20,Neutro
2026-02-27,52.34,50.72,Neutro
2026-03-02,51.85,42.22,Neutro
2026-03-03,31.69,35.88,Neutro
2026-03-04,48.31,41.69,Neutro
2026-03-05,30.42,43.63,Neutro
2026-03-06,15.10,39.37,Neutro
2026-03-09,27.31,42.58,Neutro
2026-03-10,29.46,40.22,Neutro
2026-03-11,31.70,41.59,Neutro
2026-03-12,30.87,31.29,Neutro
2026-03-13,14.59,31.56,Neutro
2026-03-16,37.40,33.95,Neutro
2026-03-17,48.40,30.82,Neutro
2026-03-18,28.69,27.98,Sobrevendido
2026-03-19,28.13,28.77,Sobrevendido
2026-03-20,21.49,25.58,Sobrevendido
2026-03-23,40.73,36.67,Neutro
2026-03-24,41.49,30.22,Neutro
2026-03-25,37.00,37.18,Neutro
2026-03-26,26.80,34.94,Neutro
2026-03-27,26.94,27.66,Sobrevendido
2026-03-30,26.94,27.44,Sobrevendido
2026-03-31,55.00,39.73,Neutro
2026-04-01,53.13,47.41,Neutro
2026-04-02,57.30,49.78,Neutro
2026-04-06,54.35,46.13,Neutro
2026-04-07,69.62,44.69,Neutro
2026-04-08,95.37,59.36,Neutro
2026-04-09,97.31,60.86,Neutro
2026-04-10,95.79,69.22,Neutro
2026-04-13,95.95,68.81,Neutro
2026-04-14,98.90,75.36,Sobrecomprado
2026-04-15,98.99,75.44,Sobrecomprado
2026-04-16,100.00,85.79,Sobrecomprado
2026-04-17,100.00,97.30,Sobrecomprado
2026-04-20,98.17,97.65,Sobrecomprado
2026-04-21,81.61,88.00,Sobrecomprado
2026-04-22,80.72,87.90,Sobrecomprado
2026-04-23,60.76,81.18,Sobrecomprado
2026-04-24,62.04,82.32,Sobrecomprado
2026-04-27,61.63,82.62,Sobrecomprado
2026-04-28,40.65,71.52,Sobrecomprado
2026-04-29,38.16,67.56,Neutro
2026-04-30,61.04,71.57,Sobrecomprado
2026-05-01,55.50,68.95,Neutro
2026-05-04,60.50,60.64,Neutro
2026-05-05,59.28,60.82,Neutro
2026-05-06,71.84,67.05,Neutro
2026-05-07,70.32,57.55,Neutro
2026-05-08,78.50,61.31,Neutro
2026-05-11,71.26,66.13,Neutro
2026-05-12,61.57,58.85,Neutro
2026-05-13,71.75,66.95,Neutro
2026-05-14,70.08,65.40,Neutro
2026-05-15,39.17,56.67,Neutro
2026-05-18,47.55,60.78,Neutro
2026-05-19,28.95,59.56,Neutro
2026-05-20,47.15,59.23,Neutro
2026-05-21,57.94,59.88,Neutro
2026-05-22,54.63,64.12,Neutro
2026-05-26,57.94,64.27,Neutro
2026-05-27,77.14,55.18,Neutro
2026-05-28,79.70,63.34,Neutro
2026-05-29,93.44,60.59,Neutro
2026-06-01,90.62,62.03,Neutro
2026-06-02,91.11,70.11,Sobrecomprado
2026-06-03,69.14,60.85,Neutro
