Symbol,Market_Cap_Atual
AACB,232837500.0
AACBU,321988250.0
AACG,47096993.59
AACI,253943900.0
AACIU,0.0
AACIW,0.0
AACO,234343550.0
AACOU,0.0
AACP,176491200.0
AACPR,0.0
AACPU,0.0
AADR,0.0
AAEQ,0.0
AAL,8974996309.09
AALG,0.0
AAME,39162677.76
AAOI,14770286121.69
AAON,12143411007.5
AAPB,0.0
AAPD,0.0
AAPG,1667936049.92
AAPL,4556899072560.0
AAPU,0.0
AARD,83120426.85
AAUS,0.0
AAVM,0.0
AAXJ,0.0
ABAT,493820160.58
ABCL,1746747247.96
ABCS,0.0
ABEO,323162466.48
ABI,0.0
ABIG,0.0
ABLV,27215522.79
ABLVW,0.0
ABNB,55831299826.47
ABNG,0.0
ABOS,165401158.2
ABSI,926076032.64
ABTC,307633120.86
ABTS,6100580.82
ABUS,859289038.5
ABVC,33280565.76
ABVX,7184462330.25
ACAA,283859059.44
ACAAU,0.0
ACAD,3669584694.1
ACB,202212985.68
ACCL,20645852.0
ACDC,1324339911.96
ACEP,0.0
ACET,73196687.88
ACFN,41687247.96
ACGC,217710272.0
ACGCU,0.0
ACGCW,0.0
ACGL,30707850889.32
ACGLN,0.0
ACGLO,7869398826.24
ACHC,2366311604.71
ACHV,505082560.44
ACIC,479309424.83
ACIU,243238839.47
ACIW,4225054849.2
ACLS,4892529063.43
ACMR,5697496955.94
ACNB,537357755.28
ACNT,122196666.8
ACOG,132386552.32
ACON,8593252.5
ACONW,0.0
ACRS,617313465.6
ACRV,64630610.79
ACT,5663602224.65
ACTG,448173572.48
ACTU,43545050.64
ACWI,0.0
ACWX,0.0
ACXP,7521041.5
ADAC,229770000.0
ADACU,0.0
ADAG,228611175.24
ADAM,789879139.32
ADAMG,0.0
ADAMH,0.0
ADAMI,0.0
ADAML,0.0
ADAMM,0.0
ADAMN,0.0
ADAMO,0.0
ADAMZ,0.0
ADBE,103572208000.0
ADBG,0.0
ADEA,3534914655.45
ADGM,16657844.25
ADI,213183384796.8
ADIL,4973200.72
ADMA,1798556268.4
ADP,91039482725.5
ADPT,2559109828.08
ADSE,842273032.73
ADSEW,0.0
ADSK,48478949629.6
ADTN,1422326636.0
ADTX,73432.89
ADUR,530867749.22
ADUS,1651646028.24
ADV,479427796.8
ADVB,7175613.04
ADXN,8101401.6
AEAQ,236450000.0
AEAQU,0.0
AEBI,923873010.0
AEC,83650889.6
AEHL,18248429.16
AEHR,3604228375.86
AEI,54065203.7
AEIS,12903436882.5
AEMD,3295131.0
AENT,282399450.2
AENTW,0.0
AEP,68725906591.92
AERT,38159384.16
AERTW,0.0
AESPU,0.0
AEVA,1595563179.51
AEYE,93700612.5
AFBI,137134912.5
AFCG,82350954.0
AFJK,129407988.84
AFJKU,0.0
AFOS,0.0
AFRI,267481044.8
AFRIW,0.0
AFRM,19507091472.27
AFSC,0.0
AFYA,766738090.5
AGCC,359343105.0
AGEM,0.0
AGEN,134088627.82
AGGA,0.0
AGIO,1646174137.12
AGIX,0.0
AGMB,590975700.0
AGMH,2712738.58
AGMI,0.0
AGNC,11674440696.24
AGNCL,0.0
AGNCM,11993583200.0
AGNCN,12280282400.0
AGNCO,0.0
AGNCP,0.0
AGNCZ,0.0
AGNG,0.0
AGNT,752603571.92
AGPU,84589731.33
AGRZ,6285310.65
AGYS,2488521672.15
AGZD,0.0
AHCO,1322446357.44
AHD,0.0
AHG,1238363669.5
AHMA,11622900.0
AIA,0.0
AIAI,913378730.1
AIDX,8913683.52
AIFA,16287329.08
AIFC,109072478.58
AIFD,0.0
AIFF,25693437.0
AIFU,263101324.2
AIHS,5332262.13
AIIO,50664198.96
AIIOW,0.0
AIIR,1106667553.8
AIMD,16201992.4
AIMDW,0.0
AIMS,0.0
AIOS,50220000.0
AIOT,511101125.37
AIP,1728679006.08
AIPI,0.0
AIPO,0.0
AIQ,0.0
AIRE,12124337.26
AIRG,87969913.2
AIRJ,384459701.08
AIRJW,0.0
AIRO,293702314.96
AIRR,0.0
AIRS,364721170.77
AIRT,58106738.5
AIRTP,58757306.0
AISP,103663081.62
AISPW,0.0
AIXC,25496091.18
AIXI,9233497.64
AKAM,23314010922.36
AKAN,8812552.82
AKBA,260210495.71
AKTS,1034447450.66
AKTX,17145928.24
ALAB,62313642144.06
ALAR,69818473.35
ALBG,0.0
ALBT,4457630.87
ALCO,296430590.19
ALDF,252959025.0
ALDFU,0.0
ALDFW,0.0
ALDX,112197186.48
ALEC,196514580.99
ALF,312512500.0
ALFUU,0.0
ALFUW,0.0
ALGM,9890271982.66
ALGN,11581367317.17
ALGS,27695466.22
ALGT,2230081525.44
ALHC,2945956977.75
ALIL,0.0
ALIS,85033475.0
ALISU,0.0
ALKS,7127057507.32
ALKT,1778658671.88
ALLO,690309122.0
ALLR,25138943.92
ALLT,372304783.39
ALLW,0.0
ALM,5663487306.04
ALMR,1451376234.84
ALMS,2478516005.76
ALMU,490582978.0
ALNT,1475127276.48
ALNY,39063108608.34
ALOT,117384856.68
ALOV,297748800.0
ALOVU,0.0
ALOY,844746272.4
ALP,6589628.64
ALPS,118144231.46
ALRM,2225231629.17
ALRS,705612379.68
ALT,558140821.98
ALTI,342199185.57
ALTO,428492896.09
ALTY,0.0
ALVO,979831636.88
ALVOW,0.0
ALXO,224720071.39
ALZN,4375452.15
AMA,0.0
AMAL,1216795716.78
AMAN,78468000.0
AMAT,397591063761.1
AMBA,3237472053.0
AMBR,132283478.08
AMCI,109837764.18
AMCX,306264789.76
AMD,884633458670.28
AMDD,0.0
AMDG,0.0
AMDL,0.0
AMGN,182540132432.28
AMID,0.0
AMIX,4449644.16
AMKR,18640013353.6
AMLX,1467659384.4
AMOD,11149757.22
AMODW,0.0
AMPG,135055798.67
AMPH,798963692.28
AMPL,842362067.46
AMRN,304681153.77
AMRX,4109013560.96
AMSC,2225899748.15
AMSF,563918695.65
AMSS,59325342.7
AMST,7842999.9
AMTX,172397868.65
AMUN,0.0
AMUU,0.0
AMYY,0.0
AMZD,0.0
AMZN,2689492501188.72
AMZU,0.0
AMZZ,0.0
ANAB,1491130218.48
ANDE,2482881222.96
ANEL,0.0
ANGH,32633308.8
ANGHW,0.0
ANGI,243901536.48
ANGL,0.0
ANGO,462771848.0
ANIK,191734041.84
ANIP,1710325312.14
ANIX,84490202.16
ANL,661351641.04
ANNA,137149000.0
ANNAW,0.0
ANNX,883111279.82
ANPA,91365617.75
ANSC,374325834.69
ANSCU,0.0
ANSCW,0.0
ANTA,174425591.32
ANTX,151267876.2
ANV,0.0
ANY,23977594.3
AOHY,0.0
AOSL,1577887352.16
AOTG,0.0
AOUT,120919296.0
APA,13548513800.91
APAC,62257562.5
APACU,0.0
APC,244742241.81
APEI,961015336.32
APGE,5211591091.27
API,319008380.87
APLD,12776756088.69
APLM,30569043.84
APLMW,37354748.0
APM,6918037.07
APMCU,0.0
APOG,797033016.65
APP,174520997560.0
APPF,3995286533.16
APPN,1018756371.45
APPS,1046139357.93
APPX,0.0
APRE,9410909.76
APURU,0.0
APVO,6255447.1
APWC,56488461.98
APXT,346423500.0
APXTU,0.0
APXTW,0.0
APYX,158702274.29
AQB,5147204.0
AQMS,12842862.92
AQST,505563979.57
AQWA,0.0
ARAI,28522640.85
ARAY,44016567.52
ARBB,9479424.72
ARBE,132461722.44
ARBEW,0.0
ARBK,48441509.07
ARCB,3164351051.4
ARCC,13412666744.6
ARCI,352267380.0
ARCIU,0.0
ARCL,126049040.0
ARCLR,0.0
ARCLU,0.0
ARCT,216015324.4
ARDX,1338899277.54
AREC,263149329.12
ARGX,50567364110.94
ARHS,354303260.64
ARKO,841392907.5
ARKR,22538481.25
ARLP,3269220133.41
ARM,439866875730.8
ARMG,0.0
ARMY,0.0
AROW,591408299.82
ARQ,111608270.8
ARQQ,254771297.04
ARQQW,0.0
ARQT,2670530034.9
ARRY,1345980807.5
ARTC,302202996.69
ARTCU,0.0
ARTL,5088888.4
ARTNA,302742131.16
ARTV,338659740.06
ARTW,13367975.88
ARVN,496813224.6
ARVR,0.0
ARWR,10219176873.55
ARXS,2878963073.5
ASBP,7564166.56
ASBPW,0.0
ASCI,0.0
ASD,0.0
ASEC,0.0
ASLE,296275237.83
ASMB,486909832.5
ASMG,0.0
ASML,665369640149.4
ASMU,0.0
ASND,13393232002.5
ASO,3340876259.86
ASPC,25712291.0
ASPCU,0.0
ASPI,950571024.85
ASPS,69027167.88
ASPSW,0.0
ASPSZ,0.0
ASRT,151667364.6
ASRV,63616001.25
ASST,1018373997.3
ASTC,72511749.7
ASTE,1177912434.9
ASTH,1819711440.6
ASTI,0.0
ASTL,582799063.07
ASTLW,0.0
ASTS,32183947840.59
ASUR,257847880.67
ASYS,368390008.07
ATAI,1667795033.22
ATAT,3932001530.3
ATC,0.0
ATCX,20539503.06
ATEC,1181101862.4
ATER,11576233.7
ATEX,1253604931.88
ATGL,225885000.0
ATHE,72684032.94
ATHR,41049187.4
ATII,334071100.0
ATIIU,320774250.0
ATIIW,0.0
ATLC,1153956711.01
ATLCL,0.0
ATLCP,0.0
ATLCZ,0.0
ATLN,101381655.97
ATLO,252962203.2
ATLX,125336269.75
ATNI,398364092.7
ATOM,352315600.0
ATOS,40473396.7
ATPC,4252660.5
ATRA,86767956.36
ATRC,1326793414.0
ATRO,2675688793.4
ATXG,3592705.8
ATYR,49025606.0
AUBN,90684925.76
AUC,81888181.62
AUDC,255808820.7
AUGO,5363205000.0
AUID,19358984.4
AUMI,0.0
AUPH,2015188184.57
AUR,11494354146.7
AURA,711299519.04
AURE,51716361.6
AUROW,0.0
AUTL,431152123.32
AUUD,7348748.5
AVAH,1476380276.34
AVAV,9689352944.37
AVBH,334132593.5
AVBP,1387001355.84
AVGB,0.0
AVGG,0.0
AVGO,2268995033818.32
AVGU,0.0
AVGX,0.0
AVIR,336914086.79
AVL,0.0
AVLN,1169838040.8
AVNW,225405445.46
AVO,979223209.68
AVOS,0.0
AVPT,2268583997.2
AVR,871212716.85
AVS,0.0
AVT,7622497847.33
AVTX,722250959.28
AVUQ,0.0
AVX,43015786.56
AVXC,0.0
AVXL,244653441.12
AVXX,0.0
AWRE,29222203.95
AXG,548833686.6
AXGN,2160614989.12
AXIN,214652000.0
AXINU,0.0
AXON,38808288033.96
AXPG,0.0
AXSM,12015340763.34
AXTI,6980653732.8
AYA,2816822567.85
AYTU,22432404.72
AZ,291685674.2
AZI,1944187.86
AZTA,1101157087.56
AZYY,0.0
BABU,0.0
BABX,0.0
BACC,218115090.0
BACCU,0.0
BAER,117580787.64
BAERW,0.0
BAFE,0.0
BAFN,30119893.65
BAIG,0.0
BAIV,0.0
BALQ,0.0
BAND,1971888702.4
BANF,3599788958.66
BANFP,0.0
BANL,5566529.28
BANR,2136583614.7
BANX,191390242.16
BAOS,4987082.75
BASG,0.0
BASV,0.0
BATRA,541292090.02
BATRK,2556780579.54
BAYA,33544077.0
BAYAU,0.0
BBB,0.0
BBCP,394487051.86
BBCQ,319987500.0
BBCQU,0.0
BBCQW,0.0
BBGI,19681150.4
BBH,0.0
BBIO,12824994126.16
BBLG,2262027.6
BBLGW,0.0
BBNX,554793102.75
BBOT,643260045.12
BBSI,794013452.17
BBYY,0.0
BCAB,5633548.4
BCAL,599873967.6
BCAR,313891346.58
BCARU,0.0
BCARW,0.0
BCAX,1314077320.0
BCBP,192904674.27
BCDA,9896009.88
BCFN,0.0
BCG,26391905.67
BCGWW,0.0
BCIC,90974485.35
BCLO,0.0
BCML,333934193.37
BCPC,5032174914.32
BCRX,2096841945.0
BCTK,0.0
BCTX,28796294.97
BCTXZ,0.0
BCYC,211567780.2
BDCI,262163600.0
BDCIU,0.0
BDCIW,0.0
BDGS,0.0
BDMD,42855546.34
BDMDW,0.0
BDRX,2678549.26
BDSX,166728524.9
BDTX,120333725.4
BDVL,0.0
BDYN,0.0
BEAG,279890600.0
BEAGU,0.0
BEAM,3040080773.7
BEAT,49401083.15
BEATW,0.0
BEDY,0.0
BEEM,31526252.12
BEEP,92683044.0
BEEX,0.0
BEEZ,0.0
BEG,0.0
BELFA,525812076.54
BELFB,3391173989.96
BELT,0.0
BENF,53034786.2
BENFW,0.0
BESO,0.0
BETR,345607704.04
BETRW,0.0
BFC,1531358428.3
BFLX,0.0
BFRG,13535405.23
BFRGW,0.0
BFRI,12675310.56
BFRIW,0.0
BFST,906160052.64
BGC,3751477392.6
BGCG,0.0
BGDE,43509768.9
BGEG,0.0
BGGG,0.0
BGIA,0.0
BGIN,245476043.86
BGL,21644019.69
BGLC,5511475.92
BGLWW,0.0
BGM,52380773.82
BGMS,5850623.36
BGRN,0.0
BGRO,0.0
BHAV,106465000.0
BHAVU,0.0
BHDG,0.0
BHF,3584616984.0
BHFAL,1911736680.0
BHFAM,0.0
BHFAN,0.0
BHFAO,0.0
BHFAP,1800363180.0
BHRB,1250899956.48
BHST,80697517.52
BIAF,7663991.14
BIAFW,0.0
BIB,0.0
BIDG,0.0
BIDU,36453845788.92
BIDWU,0.0
BIIB,28930969447.32
BILI,6014176170.45
BIOA,713021853.36
BIOX,29355309.86
BIOY,0.0
BIRD,25726790.7
BIS,0.0
BITS,0.0
BIVI,12444034.35
BIVIW,0.0
BIXI,227472300.0
BIXIU,0.0
BIXIW,0.0
BIYA,2318392.64
BJDX,4666564.65
BJRI,921592117.4
BKCH,0.0
BKHA,49261423.22
BKHAU,0.0
BKMI,0.0
BKMS,0.0
BKNG,127684468684.08
BKR,63760255156.19
BL,1690021018.77
BLBD,2292162441.27
BLCN,0.0
BLCR,0.0
BLDP,1826943644.94
BLFS,1331364558.75
BLIN,14993856.01
BLIV,24989044.6
BLKB,1291151499.66
BLLN,4076317152.24
BLMN,641251009.63
BLNE,37414455.6
BLNK,110635339.43
BLRK,172155000.0
BLRKU,0.0
BLRX,14272450.96
BLSG,0.0
BLTE,5500877037.93
BLUW,266845410.0
BLUWU,0.0
BLUWW,0.0
BLZE,477117111.45
BLZR,278300000.0
BLZRU,0.0
BLZRW,0.0
BMBL,371728828.8
BMEA,93989272.0
BMGL,12398595.0
BMHL,60124345.71
BMM,811497908.34
BMNG,0.0
BMOP,0.0
BMR,29506722.6
BMRA,6520467.59
BMRC,406199748.63
BMRN,10564927381.08
BNAI,89480696.25
BNAIW,0.0
BNBX,3598614.0
BNC,110242311.37
BNCWW,0.0
BND,0.0
BNDP,0.0
BNDW,0.0
BNDX,0.0
BNGO,14917500.0
BNKK,13841626.2
BNR,76592426.02
BNRG,983775.52
BNTC,357285073.6
BNTX,22367612885.45
BNZI,4480956.9
BNZIW,0.0
BODI,49098839.68
BOEG,0.0
BOEU,0.0
BOF,57435112.5
BOKF,7618695396.88
BOLD,32348319.84
BOLT,8896855.21
BON,7547844.04
BOOM,137345694.97
BOSC,29961692.5
BOT,587342646.96
BOTJ,102588572.04
BOTT,0.0
BOTZ,0.0
BOXL,3481485.09
BPAC,59888807.5
BPACU,0.0
BPOP,9559970834.17
BPOPM,0.0
BPRN,232464549.5
BPYPM,0.0
BPYPN,0.0
BPYPO,0.0
BPYPP,0.0
BRAG,45112247.84
BRAI,1863037581.12
BRBI,322599300.54
BRCB,151225979.93
BREM,0.0
BRES,0.0
BREZU,0.0
BRFH,36645747.27
BRHY,0.0
BRID,67168556.8
BRKHU,0.0
BRKR,9544546624.8
BRKRP,0.0
BRKU,0.0
BRLS,33053491.24
BRLSW,0.0
BRLT,19510658.4
BRNS,28594225.1
BRNY,0.0
BRR,174806901.32
BRRR,0.0
BRRWW,0.0
BRTR,0.0
BRTX,8662577.8
BRUN,1215224493.6
BRZE,2653602121.64
BSAA,68257585.0
BSAAU,0.0
BSBK,115561056.0
BSCQ,0.0
BSCR,0.0
BSCS,0.0
BSCT,0.0
BSCU,0.0
BSCV,0.0
BSCW,0.0
BSCX,0.0
BSCY,0.0
BSCZ,0.0
BSET,123828390.88
BSJQ,0.0
BSJR,0.0
BSJS,0.0
BSJT,0.0
BSJU,0.0
BSJV,0.0
BSJW,0.0
BSJX,0.0
BSMQ,0.0
BSMR,0.0
BSMS,0.0
BSMT,0.0
BSMU,0.0
BSMV,0.0
BSMW,0.0
BSMY,0.0
BSMZ,0.0
BSRR,491515734.72
BSSX,0.0
BSVN,410759305.25
BSVO,0.0
BSY,9534224063.14
BTAI,35818021.8
BTBD,7359821.56
BTBDW,0.0
BTBT,646002277.0
BTCS,67694504.56
BTCT,10468672.5
BTDR,3920589638.01
BTF,0.0
BTGD,0.0
BTMD,63999306.75
BTOC,15450646.86
BTOG,2779721.34
BTQ,599370343.2
BTSG,11805752070.24
BTSGU,0.0
BTTC,10235889.95
BU,0.0
BUFC,0.0
BUFI,0.0
BUFM,0.0
BUG,0.0
BULD,0.0
BULG,0.0
BULL,2642961994.0
BULLW,0.0
BULX,0.0
BUSE,2270896746.0
BUSEP,0.0
BUUU,211211700.0
BVC,1612800000.0
BVFL,167724152.05
BVS,579245810.4
BWAY,562886681.76
BWB,513611620.14
BWBBP,0.0
BWEN,95020710.96
BWFG,409901183.8
BWIN,1829886436.58
BWMN,555695477.16
BYAH,3492614.52
BYFC,58837836.4
BYND,381353370.08
BYRN,136567637.08
BYSI,71548486.8
BZ,5473679064.9
BZAI,254716035.19
BZAIW,4397183.0
BZFD,111876259.45
BZFDW,0.0
BZUN,141754295.76
CAAS,133957916.88
CABA,583736169.68
CABR,10727977.08
CAC,819685392.8
CACC,5664965252.18
CADL,644778103.2
CAFG,0.0
CAI,4375897158.6
CAIIU,0.0
CAIQ,0.0
CAKE,3223586351.44
CALC,13428326.35
CALI,0.0
CALM,3569825905.8
CAMP,216530586.0
CAMT,8446859305.65
CAN,275397178.46
CANC,0.0
CANQ,0.0
CAPN,58327654.76
CAPNU,0.0
CAPR,1600684722.52
CAPS,4040289.6
CAQ,172506173.4
CAQUU,0.0
CAR,6141602065.96
CARE,607327533.3
CARG,2070205608.0
CARL,277286316.6
CART,9396491963.72
CARY,0.0
CARZ,0.0
CASH,1641094043.16
CASS,588340220.79
CAST,20287968.76
CASY,28613311435.7
CATH,0.0
CATY,3788174692.25
CBAT,68257293.72
CBC,6492921826.96
CBFV,172062965.12
CBIO,495743391.3
CBK,393226420.3
CBLL,651855586.0
CBNK,512747971.4
CBRL,740265881.76
CBRS,7415430000.0
CBSH,7487114834.88
CBUS,106100971.26
CCAP,413411581.44
CCAQ,150621255.2
CCAQU,0.0
CCB,1034174158.56
CCBG,746134474.67
CCC,2928833274.64
CCCC,437846199.12
CCD,732578676.17
CCEC,1313478773.25
CCEP,40917027098.09
CCFE,0.0
CCG,32212528.5
CCGWW,0.0
CCHH,12092000.0
CCII,268266200.0
CCIIU,0.0
CCIIW,4807000.0
CCIX,318624750.0
CCIXU,0.0
CCIXW,11165000.0
CCLD,99858430.15
CCNE,881166846.62
CCNEP,0.0
CCNR,0.0
CCOI,820772896.57
CCRN,406827242.88
CCSB,0.0
CCSI,619826935.5
CCSO,0.0
CCTG,1604342.65
CCXI,428218000.0
CCXIU,0.0
CD,635550400.0
CDC,0.0
CDIG,0.0
CDIO,6362858.35
CDIOW,0.0
CDL,0.0
CDLX,37443690.05
CDNA,1152523021.11
CDNL,946788639.44
CDNS,112532928000.0
CDRO,434237688.25
CDROW,0.0
CDT,3935263.5
CDTG,20935530.0
CDTTW,0.0
CDW,17540548822.3
CDXS,247238662.24
CDZI,381751738.44
CDZIP,0.0
CECO,2850829773.57
CEFA,0.0
CEG,95431943023.08
CELC,4337761317.6
CELH,7671767203.6
CELU,29524880.22
CELUW,0.0
CELZ,8132669.6
CENN,6404025.24
CENT,364585349.38
CENTA,1714540527.44
CENX,6635220110.88
CEPF,474147000.0
CEPI,0.0
CEPO,217300000.0
CEPS,121540000.0
CEPT,296434800.0
CEPV,263062000.0
CERS,532981470.84
CERT,871161804.8
CETX,6561882.06
CETY,9367901.62
CEVA,1394640012.14
CFA,0.0
CFBK,182175515.18
CFFI,229041997.56
CFFN,947872495.92
CFO,0.0
CG,15205319796.48
CGABL,0.0
CGBD,735279614.24
CGC,439731786.0
CGCT,339756000.0
CGCTU,0.0
CGCTW,0.0
CGEM,934776879.66
CGEN,207140352.84
CGNT,680305521.61
CGNX,10993668933.06
CGO,137189024.24
CGON,4799978580.66
CGTL,6373250.0
CGTX,127087181.3
CHA,1484537460.77
CHAI,18727057.88
CHAR,92130774.12
CHARU,0.0
CHCI,156909226.14
CHCO,1743575670.96
CHDN,5993934088.0
CHEC,132016380.0
CHECU,0.0
CHECW,0.0
CHEF,3168013997.01
CHGX,0.0
CHI,1027397398.51
CHKP,14114492853.76
CHMG,325434246.4
CHNR,5590926.6
CHPG,89187243.75
CHPGU,0.0
CHPS,0.0
CHPX,0.0
CHR,4420694.89
CHRD,7916791113.46
CHRI,0.0
CHRN,2724497974.24
CHRS,226747353.0
CHRW,21304373611.08
CHSCL,0.0
CHSCM,0.0
CHSCN,0.0
CHSCO,0.0
CHSCP,0.0
CHSN,2897973.75
CHTR,18213421384.69
CHW,579249990.09
CHY,1063573357.36
CHYM,6157852902.5
CIBR,0.0
CIFG,0.0
CIFR,10733450929.28
CIGI,4768744566.6
CIIT,3980797.7
CINF,24443598970.84
CING,65728895.68
CINGW,0.0
CISO,15406534.58
CISS,1195804.48
CIVB,523948203.08
CJMB,4460433.22
CLAR,109942649.96
CLBK,2063261310.27
CLBT,3537056605.06
CLDX,2336708983.44
CLFD,613292329.8
CLGN,5769301.2
CLIK,5754532.56
CLIR,27114008.94
CLLS,224369476.29
CLMB,407092708.0
CLMT,3256688883.39
CLNE,442651514.34
CLNN,73603048.32
CLOA,0.0
CLOD,0.0
CLOU,0.0
CLOV,1573038302.7
CLPS,28349736.6
CLPT,398861187.9
CLRB,20778711.2
CLRO,8641580.76
CLSK,4518877551.66
CLSKW,0.0
CLSM,0.0
CLST,64870854.96
CLWT,9041986.08
CLYM,597825960.12
CMBO,0.0
CMCO,445747566.66
CMCSA,83796683960.64
CMCT,8735612.98
CME,91283787028.32
CMGG,0.0
CMII,235466750.0
CMIIU,0.0
CMMB,12384650.16
CMND,2965386.03
CMPR,2326765281.8
CMPS,1712506870.8
CMPX,378184621.5
CMRC,236810140.28
CMTL,167700431.16
CMTV,202403358.6
CNCG,0.0
CNCK,244668819.6
CNCKW,0.0
CNDT,249705870.54
CNET,2751321.75
CNEY,7492209.12
CNOB,1474961529.02
CNOBP,0.0
CNQQ,0.0
CNSP,7657992.76
CNTA,6165949295.1
CNTB,140409392.19
CNTN,171021956.0
CNTX,188352312.85
CNTY,39158879.84
CNVS,54940754.28
CNXC,1688613583.68
CNXN,1774904666.92
CNXU,0.0
COAG,1222280579.7
COCH,53047965.9
COCHW,0.0
COCO,4293728500.74
COCP,14614700.18
CODA,141741230.64
CODX,19053073.38
COFS,457038068.2
COGT,5512201809.04
COHU,2647480473.64
COIG,0.0
COIN,36304514537.5
COKE,10022784011.56
COLA,48180386.08
COLAU,92153764.0
COLB,8276529563.94
COLL,1007393175.74
COLM,3326708519.6
COMT,0.0
CONI,0.0
CONL,0.0
CONX,0.0
COO,11773202775.32
COOT,17297093.56
COOTW,0.0
COPJ,0.0
COPP,0.0
CORO,0.0
CORT,7799093304.1
CORZ,9196421497.56
CORZW,0.0
CORZZ,0.0
COSM,14989248.5
COST,426585070620.0
COTG,0.0
COWG,0.0
COWS,0.0
COYA,108841329.12
COYY,0.0
CPAG,0.0
CPB,6258094783.12
CPBI,77797217.5
CPHC,80345210.4
CPHY,0.0
CPIX,84055230.27
CPLS,0.0
CPOP,19981565.24
CPRT,28098378478.7
CPRX,3828077429.76
CPSH,151450001.28
CPSS,198541869.75
CPZ,252273692.9
CRAC,182548687.5
CRACU,0.0
CRACW,0.0
CRAI,914843028.9
CRAN,356478000.0
CRANU,0.0
CRAQ,242751600.0
CRAQU,0.0
CRBP,136735127.1
CRBU,198361150.0
CRCG,0.0
CRCT,226128106.44
CRDF,95717854.4
CRDL,129104908.8
CRDO,39582957124.0
CRE,5130023.05
CREG,8512329.68
CRESY,791525187.36
CREX,40155618.4
CRGO,84760936.72
CRGOW,0.0
CRIS,19489346.5
CRMD,645659062.93
CRMG,0.0
CRML,1615480685.91
CRMLW,0.0
CRMT,61189056.5
CRMU,0.0
CRNC,554906294.52
CRNT,279043643.65
CRNX,3489016482.72
CRON,1012624125.69
CROX,5887229495.04
CRSP,5023053087.36
CRSR,1120125571.28
CRTO,861693638.05
CRUS,9049279557.7
CRVL,2903084164.95
CRVO,27498395.43
CRVS,975448918.4
CRWD,190294048464.81
CRWG,0.0
CRWL,0.0
CRWS,29739847.86
CRWV,49649377053.27
CRY,0.0
CSAI,10743976.13
CSB,0.0
CSBR,79016039.94
CSCL,0.0
CSCO,498591485122.5
CSCS,0.0
CSGP,13639080881.0
CSHR,603553357.22
CSIQ,1324460619.72
CSPI,92459555.46
CSQ,3289181213.85
CSTE,58781027.5
CSTL,618427721.28
CSWC,1439800621.42
CSX,86291968472.64
CTAA,123648200.0
CTAAU,0.0
CTAS,69911915848.32
CTBI,1187725716.19
CTEC,0.0
CTKB,523027477.35
CTMX,701003399.18
CTNM,408393984.96
CTNT,5143326.9
CTOR,72525339.12
CTRM,21643672.96
CTRN,383187104.82
CTSH,25310230000.0
CTSO,30769426.52
CTW,115920000.0
CTXR,15922490.6
CUB,250700000.0
CUBWU,294667035.0
CUBWW,0.0
CUE,108869813.91
CULP,40141025.28
CUPR,2605368.75
CURI,180827180.0
CURR,349196662.35
CURX,9352467.96
CUSD,0.0
CV,341251292.38
CVBF,3507929296.48
CVCO,4183619206.34
CVGI,194671093.6
CVKD,12897854.93
CVLT,4985138272.95
CVNX,0.0
CVRX,143028738.16
CVV,40532572.56
CWBC,640909945.72
CWCO,471845603.1
CWD,7453073.76
CWST,5261478678.82
CWY,0.0
CXAI,15491009.28
CXAIW,0.0
CXDO,297573124.14
CXIIU,0.0
CXSE,0.0
CYAB,9001082.24
CYCN,12990942.0
CYCU,7473318.27
CYCUW,0.0
CYN,19759894.97
CYPH,125628088.76
CYRX,831638164.5
CYTK,9600338631.03
CZAR,0.0
CZFS,301029240.4
CZNC,364960856.82
CZR,5943778547.68
CZWI,197800737.12
DAAQ,178192500.0
DAAQU,0.0
DAAQW,0.0
DADS,0.0
DAIC,3727979.64
DAICW,0.0
DAIO,38329241.76
DAK,0.0
DAKT,938432277.3
DALI,0.0
DAPP,0.0
DARE,30707979.1
DASH,63584413173.8
DAVE,2842403139.45
DAVEW,0.0
DAX,0.0
DBCA,309500000.0
DBCAU,0.0
DBGI,21376568.94
DBVT,1047600271.2
DBX,4360251369.38
DCBO,425413230.76
DCGO,56303695.41
DCOY,4239784.96
DCTH,356608613.51
DCX,48766117.5
DDI,568873491.2
DDIV,0.0
DDOG,82815622013.34
DECO,0.0
DEFT,221033026.23
DEMZ,0.0
DERM,130499354.82
DETX,25517313.91
DEVS,8875382.8
DFDV,90956979.1
DFDVW,0.0
DFGP,0.0
DFGX,0.0
DFLI,25374373.2
DFLIW,0.0
DFNS,18683862.75
DFSC,7595715.06
DFSCW,0.0
DFTX,2572885410.97
DGCB,0.0
DGICA,520560575.12
DGICB,106683705.75
DGII,2562241444.04
DGLO,0.0
DGNX,32011035.1
DGRE,0.0
DGRS,0.0
DGRW,0.0
DGXX,689006678.88
DH,92861329.44
DHC,2067593148.04
DHCNI,0.0
DHCNL,0.0
DIBS,150520756.86
DIME,0.0
DINE,0.0
DIOD,5339696985.48
DIVD,0.0
DJCO,721251244.22
DJT,2390111535.64
DJTWW,1341205632.0
DKI,9704181.41
DKNG,12457794594.87
DKNX,0.0
DLHC,79856622.85
DLLL,0.0
DLO,2029607629.8
DLPN,15490552.49
DLTH,119242228.14
DLTR,21619641150.0
DLXY,3587000.0
DMAA,257578046.93
DMAAU,316509690.0
DMAC,304440899.25
DMII,641459000.0
DMIIU,0.0
DMLP,1358390917.5
DMRA,1374482822.02
DMRC,321618958.5
DMXF,0.0
DNLI,3120233429.42
DNMX,201652500.0
DNMXU,0.0
DNMXW,0.0
DNNG,0.0
DNTH,4644989818.01
DNUT,568920000.0
DOCU,10180868626.4
DOGZ,5931407.22
DOMH,73947063.87
DOMO,157075890.0
DOO,2375203667.85
DORM,3727877927.75
DOX,6459017760.0
DOYU,151497872.18
DPRO,255106613.61
DPZ,10203743859.9
DRCT,2123299.77
DRDB,242190000.0
DRDBU,282133686.0
DRDBW,10134600.0
DRH,2302564054.66
DRIO,55939844.7
DRIV,0.0
DRMA,5108121.61
DRMAW,0.0
DRNZ,0.0
DRS,12167018788.07
DRTS,955647768.08
DRTSW,0.0
DRUG,730213579.62
DRVN,2107842985.98
DSAC,256850000.0
DSACU,0.0
DSGN,652050808.56
DSGR,1268981182.55
DSGX,6368051970.97
DSP,242262642.6
DSWL,53383050.65
DSY,2378558.7
DSYWW,0.0
DTCR,0.0
DTCX,87076922.24
DTI,97686681.32
DTIL,155845571.88
DTSQ,41210453.52
DTSQU,93040800.0
DTSS,5866909.23
DTST,7671668.52
DUKH,16840797384.96
DUKR,21845132.57
DUKRW,0.0
DUKX,0.0
DUO,42382212.4
DUOG,0.0
DUOL,4321460781.0
DUOT,396160066.19
DUSG,0.0
DVAL,0.0
DVGR,1381770917.01
DVIN,0.0
DVLT,402114137.65
DVLU,0.0
DVOL,0.0
DVQQ,0.0
DVRE,0.0
DVSP,0.0
DVUT,0.0
DVXB,0.0
DVXC,0.0
DVXE,0.0
DVXF,0.0
DVXK,0.0
DVXP,0.0
DVXV,0.0
DVXY,0.0
DVY,26898183000.0
DWAS,0.0
DWAW,0.0
DWSH,0.0
DWSN,139427251.6
DWTX,54143580.33
DWUS,0.0
DXCM,28079976536.29
DXLG,37585702.56
DXPE,2406889581.76
DXR,62526124.25
DXST,7752494.4
DYAI,25507092.1
DYFI,0.0
DYN,2973995190.04
DYNB,0.0
DYNC,178782000.0
DYNCU,0.0
DYOR,173362500.0
DYORU,202600000.0
DYORW,0.0
DYTA,0.0
EA,50809773202.92
EART,0.0
EASY,0.0
EBAY,48316080000.0
EBC,4146964026.39
EBI,0.0
EBIZ,0.0
EBMT,176036025.1
EBON,10161811.6
ECBK,157308840.9
ECOR,81795671.02
ECOW,0.0
ECPG,1672566540.12
ECX,445681760.44
ECXWW,0.0
EDBL,1744553.8
EDBLW,0.0
EDHL,4348977.75
EDIT,426623909.64
EDRY,65152929.38
EDSA,60998783.86
EDTK,15929451.0
EDUC,12086136.88
EEE,0.0
EEFT,2650788044.28
EEIQ,5993707.72
EEMA,913064000.0
EFAS,0.0
EFOI,24648889.14
EFRA,0.0
EFSC,2158196636.95
EFSCP,0.0
EFSI,216007926.16
EFTY,226952200.0
EGAN,206699109.93
EGBN,788311673.6
EGGQ,0.0
EGHA,159960000.0
EGHAU,0.0
EGHT,288027128.76
EH,550927761.96
EHGO,2667140.49
EHLD,24307387.45
EHLS,0.0
EHTH,46341886.28
EIKN,510527262.04
EJH,5184249.48
EKG,0.0
ELAB,8224189.31
ELBM,69572633.46
ELDN,269385502.27
ELE,1093223849.4
ELFY,0.0
ELIL,0.0
ELMT,594500683.29
ELOG,11548800.0
ELPW,2545835.88
ELSE,27093684.41
ELTK,65115123.63
ELTX,239148594.93
ELUT,43766153.64
ELVA,558444374.4
ELVN,2194405204.38
ELVR,1484169649.15
ELWT,46934353.64
EMAT,4236517943.28
EMB,0.0
EMBC,196967887.64
EMCB,0.0
EMEM,0.0
EMEQ,0.0
EMIF,0.0
EMIS,120977525.0
EML,128699704.76
EMPD,101477500.71
EMPG,143046400.0
EMSC,0.0
EMXC,0.0
EMXF,0.0
ENDW,0.0
ENGN,111872408.22
ENGNW,0.0
ENGS,48442794.8
ENHI,0.0
ENHU,0.0
ENLT,13367832487.1
ENLV,204891415.4
ENPH,9096713144.4
ENSC,3820567.92
ENSG,9741679272.0
ENTA,326840991.2
ENTG,21372259000.0
ENTX,60054891.62
ENVB,7290130.32
ENVX,1795402811.2
ENZL,0.0
EOLS,397104148.53
EOSE,2784015021.4
EPOW,20905285.7
EPRX,413519574.51
EPSM,4132493.04
EPSN,176954409.45
EQ,196634589.16
EQIX,106218315096.0
EQPT,4336936229.07
EQRR,0.0
ERAS,4098776263.56
ERET,0.0
ERIC,40285970697.84
ERIE,9572222452.32
ERII,414423882.36
ERNA,9342327.33
ESCA,244349172.6
ESEA,460396235.25
ESGD,0.0
ESGE,0.0
ESGU,0.0
ESLA,44755597.12
ESLT,38859993172.09
ESMV,0.0
ESN,0.0
ESOA,283067330.43
ESPO,0.0
ESPR,808336297.88
ESQ,917507572.2
ESTA,2131054539.9
ETEC,0.0
ETHA,0.0
ETHB,0.0
ETON,756303004.38
ETOR,2618151045.9
ETRL,0.0
ETS,6777002.7
EU,306888146.32
EUDA,49975284.25
EUDAW,0.0
EUFN,0.0
EURK,38625856.2
EURKU,72600907.5
EVAX,29524361.1
EVCM,1668645110.43
EVER,570571240.0
EVGN,6247658.4
EVGO,324436539.5
EVGOW,0.0
EVLV,1152975738.1
EVLVW,0.0
EVMT,0.0
EVO,1026493487.62
EVOX,240720000.0
EVOXU,0.0
EVOXW,0.0
EVPF,0.0
EVRG,18687690936.75
EVSD,0.0
EVTV,23921830.15
EVYM,0.0
EWBC,16597097141.3
EWJV,0.0
EWTX,3895942747.26
EWZS,0.0
EXC,46126223041.36
EXE,21786571278.43
EXEL,12969922282.8
EXFY,97762775.8
EXLS,4499457317.95
EXOZ,80211264.32
EXPE,25809135061.25
EXPO,2828713086.99
EXTR,3765101153.52
EXUS,0.0
EXYN,46553058.4
EXYNW,0.0
EYE,1336345972.2
EYEG,0.0
EYPT,1034601617.32
EZGO,3620261.43
EZMO,0.0
EZPW,1864735294.88
EZRA,2061884.44
EZRO,0.0
FA,2748023492.94
FAAA,0.0
FAAR,0.0
FAB,0.0
FABC,26708434.5
FACT,196898531.25
FACTU,0.0
FACTW,0.0
FAD,0.0
FALN,0.0
FAMI,18369075.55
FANG,59241767215.23
FAST,53337708934.06
FATE,258761392.92
FATN,111073786.56
FBGL,7290000.0
FBIO,86701777.92
FBIOP,1177233215.0
FBIZ,466525241.14
FBL,0.0
FBLA,224159852.43
FBLG,5573539.05
FBNC,2371224919.03
FBOT,0.0
FBRX,348139889.0
FBYD,690091240.96
FBYDW,0.0
FBYY,0.0
FCA,0.0
FCAL,0.0
FCAP,202270804.26
FCBC,782969253.5
FCCO,280905024.4
FCEF,0.0
FCEL,1155447257.46
FCFS,9653715211.14
FCHL,1754177.85
FCLO,0.0
FCNCA,20688244038.12
FCNCN,0.0
FCNCO,0.0
FCNCP,0.0
FCTE,0.0
FCUV,1738616.04
FCVT,0.0
FCXG,0.0
FDBC,264832311.6
FDCF,0.0
FDFF,0.0
FDIF,0.0
FDIG,0.0
FDIQ,0.0
FDIV,0.0
FDMT,498192700.62
FDNI,0.0
FDRS,0.0
FDRX,0.0
FDSB,79341379.92
FDT,0.0
FDTS,0.0
FDTX,0.0
FDUS,698360297.6
FEAM,72651640.25
FEAT,0.0
FEBO,2633750.0
FEED,5238982.4
FEIM,680667671.32
FELE,4355926252.88
FEM,0.0
FEMB,0.0
FEMS,0.0
FEMY,22344553.82
FENC,317496454.2
FEP,0.0
FEPI,0.0
FER,47569031646.93
FERA,245204000.0
FERAU,0.0
FEUZ,0.0
FEX,0.0
FFAI,103325142.86
FFAIW,0.0
FFBC,3123747463.98
FFIN,4543470000.3
FFIV,22887031738.02
FFUT,0.0
FGBI,155916428.56
FGBIP,0.0
FGI,10621990.5
FGII,230897325.0
FGIIU,0.0
FGIWW,0.0
FGL,2041679.28
FGM,0.0
FGMC,106767446.0
FGMCU,113768590.0
FGNX,44516293.02
FGNXP,0.0
FGSI,0.0
FHB,3218831825.58
FHTX,213718676.08
FIBK,3333943607.28
FICS,0.0
FID,0.0
FIEE,44263423.62
FIGG,0.0
FIGR,5657652764.02
FIGX,158651648.1
FIGXU,0.0
FIGXW,0.0
FINW,193529270.68
FINX,0.0
FINY,0.0
FIP,498650202.1
FISI,698275543.9
FISV,29371629548.88
FITB,44853358510.52
FITBI,16842775040.0
FITBM,0.0
FITBO,0.0
FITBP,0.0
FIVE,12324686724.81
FIVN,1833707512.6
FIVY,0.0
FIXD,0.0
FIYY,57402423137.28
FIZZ,3364201424.86
FJP,0.0
FKU,0.0
FKWL,33113826.8
FLD,37071845.5
FLDB,0.0
FLDDW,0.0
FLEX,59331240850.62
FLGT,515187301.22
FLL,89575002.01
FLN,0.0
FLNA,65698738.56
FLNC,3300365526.5
FLNT,67383509.12
FLUX,21788610.66
FLWS,160341034.46
FLX,130938336.42
FLXS,235369422.75
FLY,6533276932.26
FLYE,2987266.38
FLYW,1775766021.6
FMAC,158304927.24
FMACU,0.0
FMAO,373668622.32
FMB,0.0
FMBH,1147939281.48
FMED,0.0
FMET,0.0
FMFC,5661000.0
FMHI,0.0
FMNB,818351590.22
FMST,27514180.2
FMSTW,0.0
FMTM,0.0
FMUB,0.0
FMUN,0.0
FNGR,55153177.2
FNK,0.0
FNKO,291482628.48
FNLC,322148406.06
FNRN,279739452.3
FNUC,62637634.92
FNWB,91806074.96
FNWD,139425066.2
FNX,0.0
FNY,0.0
FOCL,171667495.88
FOFO,49893404.02
FORM,9823860367.44
FORR,134136920.0
FORTY,2120017712.75
FOSL,236997407.98
FOX,12677301920.48
FOXA,12822651407.44
FOXF,746882528.73
FOXX,20137809.12
FOXXW,0.0
FPA,0.0
FPXE,0.0
FPXI,0.0
FRAF,251519931.36
FRBA,384487113.66
FRD,169910027.98
FRGT,2151190.0
FRHC,9718551643.36
FRME,2451584624.9
FRMEP,0.0
FRMI,3882827115.51
FRMM,70824307.73
FROG,10157100054.64
FRPH,440341216.75
FRPT,2457139550.0
FRSH,2410031238.6
FRST,356222395.36
FRSX,4529906.64
FRVO,11442488452.43
FRWD,0.0
FSBC,895019526.11
FSBW,289760301.36
FSCS,0.0
FSEA,78820123.2
FSGS,0.0
FSHP,55381197.34
FSHPU,67860200.0
FSLR,34197032774.75
FSLY,3259895000.0
FSTR,433198525.6
FSUN,1513890151.25
FSV,6311916332.47
FSZ,0.0
FTA,0.0
FTAG,0.0
FTAI,25339019913.72
FTAIM,0.0
FTAIN,0.0
FTC,0.0
FTCI,83707687.62
FTCS,0.0
FTDR,4360183957.76
FTDS,0.0
FTEK,44877958.56
FTFT,6517308.39
FTGC,0.0
FTGS,0.0
FTHAU,0.0
FTHI,0.0
FTHM,17702476.56
FTLF,93910720.0
FTNT,107318336313.68
FTQI,0.0
FTRE,1478359329.9
FTRI,0.0
FTRK,10688125.0
FTSL,0.0
FTSM,0.0
FTXG,0.0
FTXH,0.0
FTXL,0.0
FTXN,0.0
FTXO,0.0
FTXR,0.0
FUFU,63940267.96
FUFUW,0.0
FULC,214559293.62
FULT,4059677366.64
FULTP,0.0
FUNC,245748852.04
FUND,303740657.44
FUSB,90134052.73
FUSE,37910404.4
FUSEW,0.0
FUTG,0.0
FUTU,9213111281.82
FV,0.0
FVAV,292105500.0
FVC,0.0
FVCB,281829762.72
FVN,81852400.0
FVNNR,0.0
FVNNU,0.0
FWDI,315148329.78
FWONA,1912807054.34
FWONK,19481403178.56
FWRD,305814194.82
FWRG,649120639.05
FXACU,0.0
FXNC,248807411.84
FYC,0.0
FYT,0.0
FYX,0.0
GABC,1603245006.88
GAIA,45006037.76
GAIN,0.0
GAING,0.0
GAINI,0.0
GAINZ,0.0
GALT,154763710.3
GAMB,79303891.5
GAME,38415656.43
GANX,76350728.02
GARY,0.0
GASS,342852024.92
GAUZ,12557901.79
GAVA,0.0
GBDC,3360387834.9
GBFH,416746137.6
GBLI,291802594.7
GBUG,0.0
GCBC,435171396.6
GCGRU,0.0
GCL,58884003.38
GCLWW,495000.0
GCMG,602623986.7
GCT,948159800.42
GCTK,4193716.93
GDC,6075971.1
GDEV,233233783.65
GDEVW,0.0
GDHG,35330122.17
GDRX,294238432.66
GDS,6855646634.57
GDTC,13962745.3
GDYN,588727420.16
GECC,84463633.6
GECCG,0.0
GECCH,0.0
GECCI,0.0
GEG,67417567.2
GEGGL,0.0
GEHC,28216937485.58
GELS,5248418.91
GEME,0.0
GEMG,0.0
GEMI,231390087.06
GEN,15964497131.0
GENB,1654964968.44
GENK,10354079.44
GENVR,0.0
GENZ,0.0
GEOS,111634253.89
GERN,744164329.84
GEVG,0.0
GEVO,425969825.75
GEW,0.0
GFAI,17500234.08
GFAIW,0.0
GFGF,0.0
GFLW,0.0
GFS,47158329675.6
GGAL,6403880042.64
GGLL,0.0
GGLS,0.0
GGR,77885486.52
GGROW,0.0
GGRP,17793025.84
GH,16844168980.87
GHRS,1676115891.17
GIBO,78496470.33
GIBOW,0.0
GIEQ,0.0
GIFT,29675394.63
GIGM,16357307.8
GIII,1362292077.23
GILD,160150098047.26
GILT,1168290275.04
GIND,0.0
GINX,0.0
GIPR,1750008.33
GIPRW,0.0
GITS,7679094.72
GIW,258372283.75
GIWWU,0.0
GIX,255091313.22
GIXXU,0.0
GKAT,0.0
GLAD,427460865.48
GLBE,5339683359.89
GLBS,46401947.15
GLCR,0.0
GLDB,0.0
GLDI,0.0
GLDY,0.0
GLE,6147000.0
GLGG,0.0
GLIBA,74844229.0
GLIBK,736784287.5
GLMD,4487764.72
GLND,125942958.72
GLNG,5259978255.2
GLOO,66462371.43
GLOW,0.0
GLPI,13050862433.28
GLRE,487215121.12
GLSI,356533672.32
GLUE,1485992962.62
GLWG,0.0
GLXG,6945878.6
GLXY,5455602037.27
GMAB,14660744875.2
GMEX,1637154.95
GMHS,49520156.0
GMM,6490979.88
GNLN,2052241.75
GNLX,134521248.0
GNMA,0.0
GNOM,0.0
GNPX,7622209.44
GNSS,93361118.45
GNTA,49777052.2
GNTX,5323796200.0
GO,818090497.44
GOAI,110702228.67
GOCO,12347950.06
GOGO,531487395.39
GOOD,599278573.34
GOODN,0.0
GOODO,0.0
GOOG,1940590080000.0
GOOGL,2090637538915.87
GOSS,44592293.39
GOU,0.0
GOVI,0.0
GOVX,10577243.95
GP,5632839.52
GPAC,236126800.0
GPACU,0.0
GPAT,389203125.0
GPATU,0.0
GPATW,0.0
GPCR,2665294350.0
GPIQ,0.0
GPIX,0.0
GPRE,1113479766.6
GPRF,0.0
GPRO,152608101.36
GPT,0.0
GQQQ,0.0
GRAB,13517240000.0
GRABW,0.0
GRAG,0.0
GRAL,2623491330.09
GRAN,19508125.0
GRCE,37911363.7
GRDX,39453120.2
GREE,21609915.84
GREEL,0.0
GRFS,5083897580.64
GRI,3559384.38
GRID,0.0
GRIN,0.0
GRML,40008757.8
GRNQ,30705522.4
GROW,26976038.67
GRPN,659022053.0
GRRR,505789081.11
GRRRW,0.0
GRVY,432221580.0
GRW,0.0
GRWG,96746357.05
GSAT,10509176769.6
GSBC,773853141.12
GSGO,0.0
GSHD,813560756.05
GSHR,155382500.0
GSHRU,0.0
GSHRW,0.0
GSIB,0.0
GSIT,353177341.28
GSIW,42612952.76
GSM,807237433.44
GSRF,239630215.0
GSRFR,0.0
GSRFU,276258040.0
GSRVU,0.0
GSUN,3754089.3
GT,1667144059.8
GTBP,15867677.76
GTEC,13756762.94
GTEN,374047800.0
GTENU,0.0
GTENW,0.0
GTERA,184306315.1
GTERU,0.0
GTERW,0.0
GTIM,13830843.76
GTLB,5190054000.0
GTM,919520266.08
GTOP,0.0
GTOQ,0.0
GTPE,0.0
GTR,0.0
GTX,6053676187.02
GUACU,0.0
GURE,7389748.8
GUSE,0.0
GUTS,120573211.88
GV,1289690.04
GVH,9901926.27
GVLE,0.0
GWAV,2903708.5
GWRS,204221801.4
GXAI,14307907.6
GXDW,0.0
GYRE,552091152.18
GYRO,14317495.08
HACQ,287500000.0
HACQU,0.0
HAFC,867691580.25
HAIN,73105321.23
HALO,8281559660.0
HAO,2076018.36
HAS,11903611917.96
HAVA,160343144.16
HAVAU,187434432.08
HBAN,32292190250.91
HBANL,0.0
HBANM,0.0
HBANP,0.0
HBANZ,0.0
HBCP,497144379.09
HBDC,0.0
HBIO,29316183.0
HBNB,1331644276.34
HBNC,932661811.88
HBR,0.0
HBT,1009938725.28
HCAC,214205700.0
HCACU,269501173.4
HCAI,4536294.07
HCAT,98279046.6
HCHL,63169179.54
HCIC,245727900.0
HCICU,0.0
HCKT,277077757.0
HCM,1944758616.84
HCMA,259578000.0
HCMAU,0.0
HCMAW,0.0
HCOW,0.0
HCSG,1385946830.28
HCTI,4765290.05
HCWB,12030732.0
HDL,788410440.0
HDRN,195191838.66
HDSN,221702512.76
HEAL,0.0
HECO,0.0
HELE,594699516.85
HELP,214544763.3
HEPS,812096512.0
HEQQ,0.0
HERD,0.0
HERE,82705201.08
HERO,0.0
HERZ,34466612.23
HFBL,59306524.38
HFFG,98394767.28
HFSP,0.0
HFWA,1100130225.73
HGBL,43071094.96
HHS,18622869.7
HIDE,0.0
HIFS,607539625.0
HIHO,3593340.52
HIMX,4219362859.66
HIMZ,0.0
HIND,15861873.28
HIS,0.0
HISF,0.0
HIT,51688424.64
HITI,203923030.56
HIVE,1171346995.98
HKIT,348663.15
HKPD,8501992.72
HLAL,0.0
HLIT,1590557751.76
HLMN,1412709163.2
HLNE,3532057932.12
HLP,41853700.0
HLXC,181379450.0
HMH,271644615.96
HMR,86128315.62
HMYY,0.0
HNDL,0.0
HNNA,78233700.6
HNNAZ,0.0
HNRG,854945310.88
HNST,364360215.65
HNVR,163959103.51
HODU,0.0
HOFT,132993942.78
HOLO,41872989.6
HOLOW,0.0
HON,141469395347.94
HOOD,65549652229.3
HOOG,0.0
HOOX,0.0
HOPE,1553242428.45
HOUR,65104996.5
HOVNP,3022476660.0
HOVR,135305486.4
HOVRW,0.0
HOWL,20410663.14
HOYY,0.0
HPAI,37646910.0
HPAIW,0.0
HPK,1019709899.28
HQ,400784381.91
HQGO,0.0
HQI,175926396.7
HQWWW,0.0
HQY,7123739797.97
HRMY,1858354899.6
HROW,1242006565.24
HRTS,0.0
HRTX,85175716.05
HRZN,302396721.73
HSAI,2704378813.0
HSCS,6496788.0
HSCSW,0.0
HSDT,86412279.0
HSIC,8628055175.18
HSPT,62592158.52
HSPTU,0.0
HST,16334370851.85
HSTM,716940713.52
HTCO,27516483.68
HTCR,4872489.7
HTFL,2488047887.8
HTHT,13789368043.96
HTLD,1176293585.28
HTLM,172200000.0
HTO,2347237856.7
HTOO,10354178.26
HTZ,1629344938.68
HTZWW,0.0
HUBC,833333.8
HUBCW,0.0
HUBCZ,0.0
HUBG,2606091673.14
HUDI,13155247.44
HUHU,220614741.48
HUIZ,12556239.44
HUMA,310826751.2
HUMAW,0.0
HURA,135006959.36
HURC,107140065.48
HURN,1699161797.49
HUT,14782480964.48
HUTG,0.0
HVII,205563600.0
HVIIU,259289640.0
HVMC,240149000.0
HVMCU,0.0
HVMCW,0.0
HWAY,0.0
HWBK,240001158.0
HWC,5456250188.64
HWCPZ,0.0
HWH,7625928.0
HWKN,3228098145.44
HWSM,0.0
HXHX,3401000.0
HYBI,0.0
HYDR,0.0
HYFM,4574027.52
HYFT,84081358.8
HYLS,0.0
HYMC,2937243322.15
HYNE,121158820.92
HYP,0.0
HYPD,54719466.67
HYPG,0.0
HYPR,125480421.52
HYXF,0.0
HYZD,0.0
IACO,346850000.0
IACOU,0.0
IACQU,220880000.0
IALT,0.0
IART,1252530138.3
IBAC,54088873.2
IBAT,0.0
IBB,11674750000.0
IBBQ,0.0
IBCP,683918350.83
IBEX,402209044.64
IBG,1979310.29
IBGA,0.0
IBGB,0.0
IBGC,0.0
IBGK,0.0
IBGL,0.0
IBGM,0.0
IBIO,91408552.24
IBIT,0.0
IBKR,38823962322.6
IBOC,4414868324.0
IBOT,0.0
IBRX,7520001554.86
IBTG,0.0
IBTH,0.0
IBTI,0.0
IBTJ,0.0
IBTK,0.0
IBTL,0.0
IBTM,0.0
IBTO,0.0
IBTP,0.0
IBTQ,0.0
IBTR,0.0
ICCC,90920329.95
ICCM,383114686.5
ICFI,1237058619.4
ICG,24695594.02
ICHR,2526117989.85
ICLN,0.0
ICLR,11018038067.5
ICMB,16885992.24
ICON,3567616.59
ICOP,0.0
ICU,13110166.56
ICUCW,0.0
ICUI,3262162714.2
IDACU,0.0
IDAI,12935916.84
IDCC,6632868242.56
IDEF,0.0
IDN,84650103.78
IDVY,0.0
IDXX,44232062907.81
IDYA,2495250128.0
IEAG,349996850.0
IEAGU,0.0
IEF,13724000000.0
IEI,0.0
IEP,5013497125.38
IESC,14433859937.15
IEUS,217320000.0
IFBD,7533488.08
IFGL,0.0
IFLO,0.0
IFRX,303423289.54
IFV,0.0
IGAC,181381200.0
IGACR,0.0
IGACU,0.0
IGF,0.0
IGIB,0.0
IGIC,1051562443.1
IGOV,0.0
IGSB,0.0
IHRT,512445071.94
III,207144056.42
IIIV,383372225.13
IJT,4902390000.0
IKT,220494502.12
ILAG,7165470.6
ILIT,0.0
ILLR,43442738.02
ILLU,233651250.0
ILLUU,0.0
ILMN,25861709000.0
ILPT,579322942.99
IMA,61471258.5
IMCC,1804763.67
IMCR,1457298695.1
IMCV,0.0
IMDX,194709707.01
IMKTA,1270986312.96
IMMP,60422573.71
IMMR,214490928.96
IMMX,600843186.44
IMNM,2243490305.14
IMNN,8824447.8
IMOM,0.0
IMOS,2181874351.5
IMPP,233754611.86
IMPPP,0.0
IMRN,11187885.8
IMRX,294373179.1
IMSR,725441832.59
IMSRW,0.0
IMTE,1792145.68
IMTX,1394066242.2
IMUX,193016414.11
IMVT,6395372764.55
IMXI,457436278.4
INAB,14768079.48
INAC,150796100.0
INACU,0.0
INBK,200657559.24
INBKZ,0.0
INBS,5836104.24
INBX,1396990330.92
INCR,56868588.4
INCY,19574655546.9
IND,0.0
INDB,3702689882.22
INDH,0.0
INDI,1031088324.08
INDP,250265536.04
INDQ,0.0
INDV,4187988446.55
INDY,0.0
INEO,9420531.93
INGN,161905605.68
INHD,5379630.62
INKT,63569031.24
INLF,48843750.0
INM,5269360.17
INMB,35092540.56
INMD,820310037.5
INNV,961013662.44
INO,93791490.18
INOD,3535595610.66
INRO,0.0
INSE,198197887.65
INSG,224944090.74
INSM,22511909560.86
INTA,1844083968.35
INTC,566480460000.0
INTG,78839912.28
INTJ,11700000.0
INTR,1889452648.4
INTS,10865336.4
INTU,85190363280.0
INTW,0.0
INTZ,16091562.14
INV,551333546.88
INVA,1601649853.3
INVE,100826090.4
INVZ,163810347.16
IONL,0.0
IONR,321299248.82
IONS,12199681883.92
IONX,0.0
IONZ,0.0
IOSP,1985262388.2
IOTR,2727972.72
IOVA,1692244080.84
IOYY,0.0
IPAR,2828196720.11
IPCX,268732800.0
IPCXU,0.0
IPDN,7156341.76
IPEX,114435050.0
IPEXU,0.0
IPFX,252494000.0
IPFXU,0.0
IPGP,5161992577.92
IPHA,165269786.88
IPKW,0.0
IPM,17710028.84
IPSC,373334454.63
IPST,2886312.0
IPVVU,0.0
IPW,2274665.6
IPWR,119420082.84
IPX,1353463671.16
IQ,573028848.36
IQQQ,0.0
IQST,7746337.9
IRD,341861263.8
IRDM,5177487623.68
IREG,0.0
IREN,23401155573.52
IRHO,295252400.0
IRHOU,0.0
IRIX,20017495.7
IRMD,1164790149.2
IRON,2687305911.15
IRTC,3436093380.48
IRWD,533347435.44
ISBA,288838014.3
ISHG,0.0
ISHP,0.0
ISPC,4311471.0
ISPR,92413027.56
ISRG,144246983918.18
ISSC,302566351.77
ISTB,0.0
ISTM,0.0
ISTR,384703085.65
ISUL,0.0
ITHA,228620000.0
ITHAU,0.0
ITIC,437712992.64
ITOC,2626960.0
ITRI,3641147175.64
ITRN,1286698237.1
IUS,0.0
IUSB,0.0
IUSG,20238435000.0
IUSV,10939030000.0
IVA,844149612.96
IVAL,0.0
IVDA,4057909.45
IVDAW,0.0
IVF,2746212.3
IVSI,0.0
IVSS,0.0
IVSX,0.0
IVVD,324068197.2
IXHL,36611535.24
IXUS,0.0
IZEA,65499932.74
IZM,3275444.0
JACK,227929711.2
JAGX,2108310.08
JAKK,246855945.27
JANX,828777370.86
JAPN,0.0
JATT,83700750.0
JAZZ,14489199422.6
JBDI,8943660.08
JBHT,26408491800.15
JBIO,868240201.25
JBLU,1774530124.38
JBSS,675455749.21
JCAP,860094607.84
JCSE,2364685.65
JCTC,7286633.91
JD,39718205000.0
JDOC,0.0
JDZG,102997358.0
JEM,2116452.0
JEMA,0.0
JEPQ,0.0
JF,17127596.0
JFB,86464584.0
JFIN,102078070.38
JFU,26668551.78
JG,26564460.3
JGLO,0.0
JHAI,0.0
JIVE,0.0
JJSF,1420946330.32
JKHY,9458990341.4
JL,10577286.4
JLHL,394290886.08
JMID,0.0
JMSB,292969749.48
JOUT,413466982.02
JOYT,0.0
JOYY,2280409914.96
JPEF,0.0
JPFP,0.0
JPY,0.0
JRSH,43179796.0
JRVR,177087158.48
JSM,5018844240.0
JSMD,0.0
JSML,0.0
JSPR,14838314.07
JSPRW,0.0
JTAI,11572808.94
JTEK,0.0
JUNS,10856027.5
JVA,25574523.52
JWEL,5441339.99
JXG,100941170.49
JYD,6388752.24
JYNT,117892124.92
JZ,17607760.94
JZXN,1621186.02
KALA,41641223.68
KALU,3044745115.98
KALV,1434841931.6
KARO,1455383363.0
KAT,0.0
KBAB,0.0
KBDU,0.0
KBON,358146800.0
KBONU,0.0
KBSX,57300483.84
KBWB,0.0
KBWD,0.0
KBWP,0.0
KBWY,0.0
KC,3813969532.1
KCHV,267278917.5
KCHVU,0.0
KDK,1330808061.18
KDKRW,0.0
KDP,41565091839.05
KE,624069603.75
KEAT,0.0
KEEL,3713546203.65
KELYA,356398972.64
KELYB,64437601.55
KEQU,113394151.04
KEYYU,0.0
KFFB,35662413.15
KFII,312453815.31
KFIIU,283860710.0
KG,89663383.8
KGEI,200245444.44
KHC,26988299040.88
KIDS,434590098.48
KIDZ,2734675.65
KIDZW,0.0
KINS,219735037.97
KIQQ,0.0
KITT,8655060.25
KITTW,0.0
KJD,0.0
KLAC,277597851152.31
KLAG,0.0
KLIC,5672883866.8
KLRA,2899678307.04
KLRS,112299552.16
KLTR,213532133.64
KLXE,61617840.0
KMB,31454668229.32
KMDA,426299953.84
KMLI,0.0
KMRK,31540000.0
KMTS,1098586503.46
KNDI,82340599.3
KNGZ,0.0
KNSA,2215611756.6
KOD,2119531796.67
KOID,0.0
KOPN,1132276718.9
KOSS,38244409.52
KOYN,242018362.5
KOYNU,0.0
KOYNW,0.0
KPDD,0.0
KPLT,28352095.1
KPLTW,0.0
KPRX,11877599.2
KPTI,203966487.0
KQQQ,0.0
KRAQ,343275000.0
KRAQU,0.0
KRKR,6093225.9
KRMA,0.0
KRMD,180057360.0
KRNT,738203798.61
KRNY,502204294.62
KROP,0.0
KROS,207814288.5
KRRO,159802086.68
KRT,531434519.22
KRUS,492176782.8
KRYS,8897579955.92
KSCP,43137317.25
KSPI,16272034787.58
KTCC,42351149.1
KTOS,10956792665.12
KTTA,21385246.72
KTTAW,0.0
KTWO,140562406.25
KTWOU,0.0
KURA,767898257.25
KUST,1134616.6
KVAC,67179556.2
KVACU,0.0
KVACW,0.0
KVHI,157346850.57
KWM,15064794.36
KWMWW,0.0
KXIN,9054576.0
KYIV,3181300738.72
KYIVW,0.0
KYMR,6022078017.48
KYNB,27567642.72
KYTX,475418557.84
KZIA,125124544.05
LAB,445019655.66
LABT,9112137.45
LACG,0.0
LAES,770798036.54
LAFA,158704663.3
LAFAR,0.0
LAFAU,139433163.27
LAKE,96506912.37
LAMR,13022559843.44
LAND,396425105.87
LANDO,0.0
LANDP,0.0
LARK,172255844.0
LASE,119940936.44
LASR,4309061280.51
LATA,173880000.0
LATAU,0.0
LATAW,0.0
LAUR,4683673549.94
LAWR,172350000.0
LBGJ,3043839.9
LBRDA,549283622.1
LBRDK,0.0
LBRDP,0.0
LBRX,801512423.4
LBTYA,2059904274.2
LBTYB,181431525.42
LBTYK,1695743527.17
LCCC,92612000.0
LCCCU,0.0
LCDL,0.0
LCDS,0.0
LCFY,6836409.0
LCFYW,0.0
LCID,2232268941.76
LCNB,227936112.0
LCUT,213237224.64
LDEM,0.0
LDRX,0.0
LDSF,0.0
LE,347058218.71
LECO,14399148250.2
LEDS,16102423.35
LEE,237193417.12
LEGH,552208775.22
LEGN,6682917716.16
LEGR,0.0
LEND,0.0
LENZ,219794301.94
LESL,43708622.16
LEXI,0.0
LEXX,15368216.52
LFAC,143750000.0
LFACU,0.0
LFCR,212678337.69
LFMD,220533045.6
LFMDP,0.0
LFS,54675693.71
LFSC,0.0
LFST,2863758240.0
LFTO,0.0
LFUS,12256267323.6
LFVN,104963639.04
LFWD,20488897.52
LGCF,0.0
LGCL,86864520.12
LGHL,3945229.95
LGIH,1099119119.49
LGN,6774270907.74
LGND,4697624698.4
LGO,94243280.73
LGRO,0.0
LGVN,24119157.6
LHAI,14444700.0
LHSW,10450000.0
LI,12550291097.64
LICN,26286188.25
LIDR,92166491.8
LIDRW,0.0
LIEN,224098193.8
LIF,3744474441.11
LIFE,522154299.33
LILA,294084000.0
LILAK,1266246000.0
LILAV,0.0
LILKV,0.0
LILPV,0.0
LIMN,6731644.95
LIMNW,0.0
LIN,234673624136.7
LINC,1588256850.96
LIND,1426144000.0
LINE,9464423353.05
LINK,78592534.93
LINT,0.0
LIQT,10644189.87
LITE,72976400000.0
LITP,0.0
LITS,29601924.0
LIVE,27829203.36
LIVN,3918409265.54
LIXT,83089554.24
LKFN,1455202558.26
LKFT,1812828423.21
LKQ,6504810017.55
LKSP,120141800.0
LKSPU,0.0
LLYVA,2331808598.3
LLYVK,5997634570.98
LMAT,2094041721.96
LMB,971566960.5
LMBS,0.0
LMFA,4164547.44
LMNR,233578713.3
LMNX,0.0
LMRI,746547310.95
LMTL,0.0
LNAI,13012264.3
LNKS,2075617.89
LNSR,69478842.72
LNT,18283431449.23
LNTH,6526884720.5
LNZA,71335938.35
LNZAW,0.0
LOAN,48460448.24
LOBO,8594875.3
LOCO,422719536.24
LOGI,17090782105.95
LOGO,0.0
LOKV,242420000.0
LOKVU,0.0
LOKVW,0.0
LONA,81066025.82
LOOP,62894482.3
LOPE,3940289528.56
LOT,841492837.9
LOTI,0.0
LOTWW,0.0
LOVE,228053857.0
LPAA,248630000.0
LPAAU,247020000.0
LPAAW,0.0
LPBB,245870000.0
LPBBU,214800000.0
LPBBW,0.0
LPCN,18054914.07
LPCV,230230000.0
LPCVU,0.0
LPLA,22608755318.87
LPRO,257713238.76
LPSN,27396060.75
LPTH,980770537.34
LQ,0.0
LQDA,4952405833.31
LQDT,1126889688.34
LRCX,429833758410.0
LRE,17188794.0
LRGE,0.0
LRHC,1270500.0
LRMR,332425398.4
LRND,0.0
LSAK,415820681.55
LSBK,123445803.0
LSCC,21181414692.2
LSE,13808000.0
LSH,21345086.58
LSTA,31690240.68
LSTR,7303047202.5
LTBR,360304022.39
LTCC,0.0
LTRN,43380164.8
LTRX,334564477.5
LTRYW,0.0
LUCD,190757165.0
LUCY,6147578.88
LUCYW,0.0
LULG,0.0
LULU,13777471553.52
LUNG,64200548.56
LUNR,5428101613.47
LVDS,0.0
LVHD,0.0
LVIG,0.0
LVLU,23430832.9
LVO,84464693.61
LWAC,226342937.5
LWACU,0.0
LWACW,0.0
LWAY,352094699.52
LWLG,1893638677.28
LX,282766580.4
LXEH,2601617.13
LXEO,353347353.0
LXRX,821763321.5
LYEL,293309473.59
LYFT,5349726875.88
LYTS,838511307.36
LZ,1038468972.2
LZMH,8560315.0
MAAS,4781887831.8
MAAY,0.0
MACI,173600000.0
MACIU,328785000.0
MACIW,2070000.0
MAGH,225446000.0
MAKO,718905751.87
MAMA,596357550.0
MAMK,119600000.0
MAMO,39142493.0
MANH,8945687822.4
MAR,99344688715.25
MARA,5322536221.88
MARPS,9720000.0
MASI,9362545195.08
MASK,4631376.4
MASS,327465957.86
MAT,4166759460.0
MATE,0.0
MATH,44709283.13
MATW,793790022.72
MAXI,0.0
MAYS,85045758.2
MAZE,1375883188.46
MB,116654000.0
MBAI,11827449.27
MBAV,311075000.0
MBAVU,270250000.0
MBAVW,17250000.0
MBB,0.0
MBBC,40572757.5
MBIN,2092817188.48
MBINL,0.0
MBINM,0.0
MBINN,0.0
MBIO,4981768.8
MBLY,2625050673.24
MBNKO,0.0
MBOT,132314657.97
MBRX,13127421.0
MBS,0.0
MBUU,535698478.48
MBVI,350520000.0
MBVIU,0.0
MBVIW,0.0
MBWM,879438431.25
MBX,1430305956.8
MCAHU,0.0
MCBS,929158561.64
MCDS,0.0
MCFT,550087751.7
MCGA,182057062.5
MCGAU,0.0
MCGAW,0.0
MCHB,3143490238.64
MCHI,0.0
MCHP,52337754580.55
MCHPP,0.0
MCHS,0.0
MCHX,61841320.32
MCRB,69433806.78
MCRI,2132781842.56
MCTA,445474300.0
MDAI,61738530.9
MDAIW,0.0
MDB,29624687352.64
MDBH,17838712.96
MDCX,20396939.04
MDCXW,0.0
MDGL,11254619940.85
MDIA,61052913.6
MDIV,0.0
MDLN,29148045265.89
MDLZ,78700567153.46
MDRR,17848360.0
MDWD,176461461.15
MDXG,537694088.91
MDXH,30818712.0
MEDP,12875278994.98
MEDX,0.0
MEGL,5039422.0
MEHA,2954449.54
MELI,83069360594.28
MEMA,0.0
MEMS,0.0
MENS,155148364.03
MEOH,4839134650.65
MERC,58274780.22
MESH,344655000.0
MESHU,0.0
MESO,1877182684.08
META,1368092480412.24
METC,907149905.88
METCB,142466162.65
METCI,0.0
METCZ,0.0
METD,0.0
METL,0.0
METU,0.0
MEVO,298200000.0
MEVOU,0.0
MFI,480646850.6
MFIC,856675331.2
MFIG,0.0
MFIN,228244184.19
MFLX,0.0
MFMO,0.0
MFVL,0.0
MGEE,2770972106.61
MGIH,15862500.0
MGN,4480000.0
MGNI,2069456793.35
MGNX,266965116.6
MGPI,348137450.73
MGRC,2626635683.8
MGRT,1028087500.0
MGRX,6523620.36
MGTX,869603355.24
MGX,50070321.14
MGYR,110835802.35
MIDD,7063408565.12
MILN,0.0
MIMI,5989650.0
MIND,61442011.8
MIRA,42442307.87
MIRM,5599906075.41
MIST,159357414.4
MITK,730670209.18
MKAM,0.0
MKDW,33167691.8
MKDWW,0.0
MKLY,181394737.5
MKLYU,0.0
MKSI,22637414834.35
MKTW,43619033.4
MKTX,4370641929.94
MKZR,5231864.48
MLAA,259173000.0
MLAAU,0.0
MLAB,576692297.78
MLAC,208293750.0
MLACU,341486750.0
MLCI,33006865.6
MLCIL,0.0
MLCO,2244325164.78
MLEC,5881555.8
MLECW,0.0
MLGO,55911162.09
MLKN,1007843549.68
MLTX,1344953284.92
MLYS,2067402411.06
MMED,4004493028.88
MMLP,98202961.86
MMSI,3618066955.75
MMTX,88987248.0
MMTXU,77710410.0
MMYT,3976078973.78
MNDO,18570352.72
MNDR,3838715.28
MNDY,4397272650.9
MNKD,1038072557.76
MNOV,64972044.72
MNPR,405695194.72
MNRO,467493391.62
MNSB,161343500.83
MNSBP,0.0
MNST,87081842114.4
MNTK,230592645.18
MNTS,189746819.2
MNTSW,0.0
MNVT,0.0
MNY,40076266.1
MNYWW,0.0
MNZL,0.0
MOB,84896253.12
MOBBW,650312166.32
MOBI,454262418.43
MOBX,35094415.38
MOBXW,0.0
MODD,25378420.13
MODL,0.0
MOLN,151169986.89
MOMO,619575367.68
MOOD,0.0
MORN,6872803693.14
MOVE,42275542.98
MPAA,202675564.7
MPB,798619122.42
MPG,0.0
MPLT,1207798796.1
MPWR,83024295700.0
MQ,1514029538.61
MQQQ,0.0
MRA,0.0
MRAL,0.0
MRAM,669897274.89
MRBK,212598170.64
MRCY,6700229949.97
MRDN,153726866.55
MREO,52674140.97
MRKR,24176034.15
MRLN,701729858.04
MRM,9403320.5
MRNA,19466333866.54
MRNO,32684721.12
MRNOW,0.0
MRTN,1429441645.2
MRVI,713929833.76
MRVL,263883420000.0
MRVU,0.0
MRX,3877073893.0
MSAI,11308830.4
MSAIW,0.0
MSBI,569862174.51
MSBIP,0.0
MSDD,0.0
MSEX,967161404.97
MSFD,0.0
MSFL,0.0
MSFT,3174467286407.36
MSFU,0.0
MSGM,17489290.45
MSGY,6828000.0
MSLE,127486882.8
MSR,0.0
MSS,3230193.12
MST,0.0
MSTP,0.0
MSTR,42048930990.2
MSTX,0.0
MSW,19332750.0
MTC,426235831.08
MTCH,8005707172.32
MTEK,12026296.24
MTEKW,0.0
MTEN,5631814.72
MTEX,11134195.9
MTLS,385092413.04
MTRX,388528468.5
MTSI,29781292423.16
MTVA,13840511.6
MTYY,0.0
MU,1217467849438.07
MUD,0.0
MULL,0.0
MULT,0.0
MUU,0.0
MUYY,0.0
MUZE,204882037.5
MUZEU,0.0
MVBF,340265378.48
MVIS,142594572.55
MVLL,0.0
MVST,479746632.96
MVSTW,0.0
MWC,366339785.94
MWH,4276811114.07
MWYN,17165583.4
MXCT,128546006.4
MXL,8183605193.01
MYCF,0.0
MYCG,0.0
MYCH,0.0
MYCI,0.0
MYCJ,0.0
MYCK,0.0
MYCL,0.0
MYCM,0.0
MYCN,0.0
MYCO,0.0
MYFW,274551476.96
MYGN,415572124.0
MYHA,0.0
MYHB,0.0
MYHC,0.0
MYHD,0.0
MYHE,0.0
MYMF,0.0
MYMG,0.0
MYMH,0.0
MYMI,0.0
MYMJ,0.0
MYMK,0.0
MYPS,57254771.07
MYPSW,0.0
MYRG,6872276738.6
MYSE,8118926.4
MYSEW,0.0
MYSZ,2505445.28
MYX,103955900.0
MYXXU,0.0
MZTI,2934468990.81
NAAS,36554598.88
NAGE,273976484.88
NAII,15750824.79
NAKA,86314609.44
NAMI,22139995.08
NAMM,127489417.38
NAMMW,0.0
NAMS,3753786765.69
NAMSW,0.0
NATH,414190009.8
NATO,0.0
NATR,349938932.9
NAUT,327863445.9
NAVI,699281262.48
NAVN,5257412865.68
NB,844404878.4
NBBK,848867291.36
NBIG,0.0
NBIL,0.0
NBIS,55471860352.48
NBIX,16601807693.13
NBN,1009532480.0
NBP,202384883.75
NBRG,60843150.0
NBRGU,0.0
NBTB,2329538291.28
NBTX,1785132060.8
NCEL,17013032.36
NCEW,57632000.0
NCI,184788441.62
NCIQ,0.0
NCMI,334795631.73
NCNA,8448801.13
NCNO,1739700846.0
NCPB,0.0
NCPL,7926377.99
NCPLW,0.0
NCRA,3588036.12
NCSM,146238421.56
NCT,5103977.0
NCTY,67354666.47
NDAA,0.0
NDAQ,49094596674.38
NDLS,75889591.12
NDRA,8743234.72
NDSN,16127560048.6
NECB,331846076.14
NEGG,381926032.83
NEMG,0.0
NEO,1320347449.2
NEOG,1917699491.21
NEON,30544918.04
NEOV,107067524.85
NEOVW,0.0
NEPH,39517827.44
NERV,218035158.12
NESR,2521181375.0
NETG,0.0
NEUP,25401389.7
NEWT,365065350.65
NEWTG,0.0
NEWTH,0.0
NEWTI,0.0
NEWTO,0.0
NEWTP,0.0
NEWZ,0.0
NEXM,93041708.04
NEXN,458582011.17
NEXR,825352.38
NEXT,2236540810.28
NFBK,587199759.12
NFE,142817325.0
NFLX,343264296002.56
NFRX,0.0
NFTY,0.0
NFXL,0.0
NFXS,0.0
NGEN,202847989.76
NGHT,0.0
NGNE,414325844.22
NHIC,234555222.0
NHICU,0.0
NHICW,0.0
NHIVU,0.0
NHP,1061376038.19
NHPAP,0.0
NHPBP,0.0
NHTC,20586835.2
NICE,5561459113.08
NICM,128343122.82
NIKL,0.0
NIOBW,0.0
NIOG,0.0
NIPG,76708986.9
NIU,158648174.72
NIVF,2333452.8
NIVFW,0.0
NIXT,0.0
NIXX,21191967.56
NKLR,428835782.8
NKSH,216525940.0
NKTR,2001146675.36
NKTX,194603373.76
NMFC,739562213.7
NMFCZ,0.0
NMIH,2690924379.22
NMP,124288000.0
NMPAU,0.0
NMRA,322394584.56
NMRK,2182703310.48
NMTC,29910969.72
NN,2942944774.23
NNAVW,0.0
NNBR,155154125.28
NNDM,345194175.15
NNE,1374453843.75
NNNN,1251338112.0
NNOX,130133726.36
NODK,294113435.32
NOEM,99787657.5
NOEMU,94162500.0
NOEMW,0.0
NOMA,52829087.15
NOTV,4186577.64
NOVT,5945043574.52
NOVTU,0.0
NOWL,0.0
NPAC,319681226.25
NPACU,0.0
NPACW,0.0
NPCE,541408670.6
NPFI,0.0
NPT,27509400.0
NRC,429098691.84
NRDS,273587310.62
NRES,0.0
NRIM,527868297.18
NRIX,1600721985.24
NRSN,28157854.14
NRSNW,0.0
NRXP,146727417.6
NSI,0.0
NSIT,3491572805.2
NSPR,44965403.52
NSSC,1285826858.63
NSTS,65974845.3
NSYS,46249537.7
NTAP,35732588832.0
NTCL,101979511.04
NTCT,3024247594.5
NTES,78577345118.16
NTGR,702937059.57
NTHI,113157141.6
NTIC,75461407.95
NTLA,1819184046.54
NTNX,14337799797.36
NTRA,30340178676.7
NTRB,42667500.33
NTRBW,0.0
NTRP,33334976.4
NTRS,31171210610.1
NTRSO,0.0
NTSK,2945719745.6
NTWK,55344089.24
NTWO,191502710.0
NTWOU,0.0
NTWOW,0.0
NUAI,583435745.28
NUAIW,0.0
NUCL,295793130.0
NUG,0.0
NUGY,0.0
NUSB,0.0
NUTR,174412512.0
NUTX,914048259.37
NUVL,6633880768.98
NUWE,1313568.48
NVAX,1677268813.8
NVCR,1870508181.0
NVCT,246952712.23
NVD,0.0
NVDA,5201459750000.0
NVDD,0.0
NVDG,0.0
NVDL,0.0
NVDS,0.0
NVDU,0.0
NVEC,532185003.32
NVMI,16858537576.44
NVNI,12276739.65
NVNIW,0.0
NVNO,7150734.99
NVTS,7308790227.36
NVVE,1859166.4
NVX,146578718.52
NVYY,0.0
NWBI,2019142183.8
NWE,4253894386.56
NWFL,319750922.64
NWGL,3850516.02
NWL,1470250091.12
NWPX,1153549857.6
NWS,5423446746.9
NWSA,9466347897.7
NWTG,4683904.26
NXGL,5387322.45
NXGLW,0.0
NXL,11416550.86
NXPI,81265390908.52
NXPL,19555420.54
NXST,5543432926.8
NXT,22010701913.84
NXTC,11378102.4
NXTG,0.0
NXTS,3644990.41
NXTT,119735067.18
NXXT,93665016.48
NYAX,2551431768.14
NYXH,128270993.62
NZAC,0.0
OABI,362431447.5
OABIW,0.0
OACC,210689056.5
OACCU,0.0
OACCW,0.0
OBA,258819000.0
OBAI,13698759.76
OBAWU,0.0
OBAWW,0.0
OBIL,0.0
OBIO,231139559.9
OBT,448092151.68
OBTC,0.0
OCC,123819003.96
OCCI,94827111.46
OCCIM,0.0
OCCIN,0.0
OCFC,999361197.15
OCG,3450195.36
OCGN,440078412.8
OCS,793499279.22
OCSAW,0.0
OCSL,1040290026.63
OCTV,5081328435.12
OCUL,1828318989.3
ODD,462374271.25
ODDS,0.0
ODFL,49092992884.98
ODTE,0.0
ODTX,787336663.64
ODVWZ,0.0
ODYS,69122566.64
OESX,36962110.56
OFAL,6041374.58
OFIX,392898457.44
OFLX,295763634.6
OFS,44615599.74
OFSSH,0.0
OFSSO,0.0
OGI,149221523.32
OHACU,0.0
OIM,288075000.0
OIMAU,0.0
OIO,682123331.68
OKLL,0.0
OKTA,20706844787.1
OKTG,0.0
OKUR,169661016.0
OKYO,87115566.62
OLB,6599218.5
OLED,4246850938.44
OLLI,4837131583.56
OLMA,918021920.21
OLOX,10103957.9
OLPX,1364397485.64
OM,85271308.6
OMAB,4254662305.04
OMCL,1905111498.01
OMDA,1030242626.31
OMER,735333606.8
OMEX,64431526.5
OMH,15804309.61
OMSE,198659934.72
ON,52072411370.63
ONB,9006354630.0
ONBPO,0.0
ONBPP,0.0
ONC,26477326548.0
ONCH,176295000.0
ONCHU,0.0
ONCHW,0.0
ONCO,1249638.13
ONCY,105031578.96
ONDG,0.0
ONDS,5861780342.01
ONEG,14080000.0
ONEQ,698214000.0
ONEW,181463547.72
ONFO,3864254.64
ONFOW,0.0
ONMD,41913723.39
ONMDW,0.0
OPAL,67393747.68
OPBK,203157419.96
OPCH,3223774657.12
OPEG,0.0
OPEN,4698267397.84
OPENL,0.0
OPENW,0.0
OPENZ,0.0
OPK,1102434693.76
OPPJ,0.0
OPRA,1645983533.46
OPRT,215885922.96
OPRX,92887121.25
OPTH,31898847.33
OPTX,508734859.14
OPTXW,0.0
OPTZ,0.0
OPXS,81360915.37
ORBS,364730851.36
ORBX,0.0
ORCS,0.0
ORCU,0.0
ORCX,0.0
ORGN,7539229.19
ORGNW,0.0
ORGO,299811696.84
ORIC,811577686.08
ORIO,22047621.6
ORIQ,88923750.0
ORIQU,65456500.0
ORIQW,0.0
ORIS,2831816.4
ORKA,3449852177.2
ORKT,6729750.68
ORLG,0.0
ORLY,72413123603.02
ORMP,149380195.65
ORR,0.0
ORRF,710268403.8
OSBC,1064650100.4
OSCG,0.0
OSCX,0.0
OSIS,3518767357.2
OSPN,535331954.0
OSRH,14744097.9
OSRHW,0.0
OSS,471106703.34
OST,10138664.0
OSUR,271951784.35
OSW,2404886701.74
OTEX,5748671308.4
OTGA,241554000.0
OTGAU,0.0
OTGAW,0.0
OTGL,0.0
OTLK,120355566.39
OTLY,268847250.0
OTTR,3600980545.5
OUST,2799062838.04
OVBC,220710396.85
OVID,446069843.78
OVLY,274615269.12
OWLS,229978498.88
OXBR,7291236.6
OXBRW,630694.9
OXLC,962825529.28
OXLCG,0.0
OXLCI,0.0
OXLCL,0.0
OXLCM,0.0
OXLCN,0.0
OXLCO,880939802.0
OXLCZ,0.0
OXSQ,126261567.45
OXSQG,0.0
OXSQH,0.0
OYSE,267102160.0
OYSER,0.0
OYSEU,0.0
OZEM,0.0
OZK,5208303896.25
OZKAP,0.0
PAA,16163730857.53
PAAC,174929296.71
PAACU,0.0
PABD,0.0
PABU,0.0
PACB,490750667.04
PACH,226234393.77
PACHU,0.0
PACHW,0.0
PAGP,4913959398.92
PAHC,669773400.78
PAL,167175845.48
PALD,0.0
PALI,335008763.1
PALO,168941050.0
PALOU,0.0
PALU,0.0
PAMT,268073433.6
PANG,0.0
PANL,478183087.13
PANW,228550450000.0
PARK,93055262.94
PASG,19150625.7
PASW,21173500.0
PATK,2981770664.95
PATN,0.0
PAVM,41808758.56
PAVS,1065775.36
PAX,743729015.91
PAYO,1704023399.76
PAYP,11540693771.75
PAYS,380718314.13
PAYX,35273737234.45
PBEU,0.0
PBFS,386243528.16
PBHC,66560307.45
PBK,52591601.44
PBM,9058562.65
PBMWW,0.0
PBOG,0.0
PBPH,0.0
PBQQ,0.0
PBRG,0.0
PBYI,346625295.36
PC,0.0
PCAP,261420400.0
PCAPU,0.0
PCAPW,0.0
PCAR,60196618873.02
PCB,341633352.0
PCLA,59317176.85
PCMM,0.0
PCPI,0.0
PCRX,878245663.68
PCSA,7700484.4
PCSC,99360437.5
PCT,2465170186.5
PCTTU,0.0
PCTTW,0.0
PCTY,6040840623.56
PCVX,6776583216.26
PCYO,243931548.96
PDBA,0.0
PDBC,0.0
PDC,16412066.6
PDD,121558057854.8
PDDL,0.0
PDEX,208072104.03
PDFS,2308586080.8
PDLB,447476168.5
PDP,0.0
PDSB,60280905.24
PDYN,368977397.25
PDYNW,0.0
PEBK,218390798.97
PEBO,1224271891.68
PECEU,0.0
PECO,4910171207.52
PEGA,5867444550.61
PENG,3623879546.28
PENN,2628078462.15
PEP,194819155620.1
PEPG,98220285.3
PEPS,0.0
PERI,316609067.95
PESI,206444676.48
PETS,38031091.96
PETZ,12181456.24
PEY,1037968000.0
PEZ,0.0
PFAI,15358004.0
PFBC,1109590527.6
PFDE,0.0
PFF,13068193000.32
PFG,21858293136.96
PFI,0.0
PFIS,575225222.26
PFM,577200000.0
PFOE,0.0
PFSA,1491285.76
PFX,87933300.0
PFXNZ,0.0
PGAC,93481895.0
PGACU,0.0
PGC,746652448.92
PGEN,1358306833.8
PGJ,134557500.0
PGNY,1957525926.3
PGY,999288419.4
PGYWW,0.0
PHAR,864452815.2
PHAT,804737565.77
PHIO,12895147.5
PHO,0.0
PHOE,351648000.0
PHUN,39259044.48
PHVS,2106174941.64
PI,4196057325.6
PICS,389517348.57
PID,0.0
PIE,0.0
PIII,33424872.9
PIIIW,0.0
PIO,0.0
PIZ,0.0
PKBK,355447785.0
PKOH,466212712.22
PKW,0.0
PLA,0.0
PLAB,1893410911.34
PLAY,413398919.5
PLBC,363945743.28
PLBL,1905075894.3
PLBY,154236191.13
PLCE,80407005.6
PLMK,196949118.75
PLMKU,297198080.0
PLMKW,0.0
PLMR,2688022596.82
PLPC,1848401737.8
PLRX,73065893.82
PLRZ,25195074.08
PLSE,1729550702.88
PLSM,28547485.16
PLTD,0.0
PLTG,0.0
PLTK,1221018339.45
PLTR,326501343694.8
PLTS,196095112.5
PLTU,0.0
PLTZ,0.0
PLUG,5147804912.58
PLUL,0.0
PLUR,25463328.56
PLUS,2102325757.37
PLUT,47585000.0
PLXS,7693808858.55
PLYX,125611902.36
PLYY,0.0
PMAX,2198802.52
PMBS,0.0
PMCB,7837023.77
PMEC,28429310.38
PMN,86538237.45
PMTR,258786720.0
PMTRU,0.0
PMTRW,0.0
PMTS,186019605.68
PMVP,61864848.56
PN,26022444.0
PNBK,115845818.55
PNQI,0.0
PNRG,297938520.0
PNTG,1055195354.95
POCI,60196779.5
PODC,117648485.92
PODD,9925627784.2
POET,2654517344.28
POLA,7498727.54
POLE,255182400.0
POLEU,0.0
POLEW,0.0
POM,12194230.8
PONO,120951550.0
PONOU,0.0
PONY,3654935359.71
POOL,6584886212.07
POWI,4735641440.16
POWL,10919658154.77
POWW,235750331.22
POWWP,0.0
PPBT,2750208.3
PPC,6561887132.78
PPCB,3713744.73
PPH,1172597850.0
PPHC,299957786.94
PPI,0.0
PPIH,262056786.98
PPLI,0.0
PPSI,53262076.8
PPTA,3098590839.31
PQAP,0.0
PQJA,0.0
PQJL,0.0
PQOC,0.0
PRAA,534735249.76
PRAX,7776226431.82
PRCH,1087468503.8
PRCT,1498673162.52
PRDO,2074846670.97
PRE,321186497.77
PRENW,0.0
PRFX,1615886.16
PRFZ,0.0
PRGS,1344832375.6
PRHI,21460000.0
PRHIZ,0.0
PRLD,237596849.52
PRME,567138796.14
PRMR,0.0
PRN,0.0
PROF,238011522.35
PROK,354995503.49
PROP,88936277.43
PROV,105687377.9
PRPL,43530254.4
PRPO,42968422.88
PRQR,154882949.97
PRSO,15567815.08
PRTA,466990874.04
PRTH,485895503.0
PRTS,49877819.14
PRVA,2603415646.84
PRZO,18927857.56
PSC,0.0
PSCC,0.0
PSCD,0.0
PSCE,0.0
PSCF,0.0
PSCH,0.0
PSCI,0.0
PSCM,0.0
PSCT,0.0
PSCU,0.0
PSEC,1132277295.78
PSET,0.0
PSHG,21134668.6
PSIG,133161113.52
PSIX,931699189.0
PSKY,11366182546.95
PSL,0.0
PSMT,5285358020.53
PSNL,1128893436.44
PSNY,1726750676.4
PSNYW,277512492.0
PSTR,0.0
PSTV,37310721.74
PSWD,0.0
PTACU,0.0
PTC,16138469118.52
PTCT,5696960533.84
PTEN,4559208012.53
PTF,0.0
PTGX,6135948097.93
PTH,0.0
PTIR,0.0
PTLE,34878022.96
PTLO,286628593.68
PTN,24020212.5
PTNM,207929875.0
PTNQ,0.0
PTON,2502931206.0
PTOR,253113217.5
PTORU,0.0
PTRN,3082670749.48
PUBM,434496946.38
PUI,285634000.0
PULM,4711447.65
PURR,1497921311.27
PUSA,133300887.94
PVLA,1655451054.48
PWP,1103979292.14
PWRD,0.0
PWRL,0.0
PXI,0.0
PXLW,41297544.42
PXS,44438101.96
PY,0.0
PYPD,90501648.16
PYPG,0.0
PYPL,37586515056.73
PYXS,107704319.4
PYZ,0.0
PZZA,1048258166.04
QABA,0.0
QADR,199000000.0
QADRU,0.0
QALT,0.0
QAT,0.0
QB,0.0
QBIG,0.0
QBTZ,0.0
QBUF,0.0
QBY,0.0
QCLN,0.0
QCLR,0.0
QCLS,30235701.65
QCMD,0.0
QCML,0.0
QCMU,0.0
QCOM,263510540000.0
QCRH,1485550814.22
QDEL,927397450.4
QDTY,0.0
QETA,43886129.08
QETAU,0.0
QEW,0.0
QFIN,1850628636.8
QGRD,0.0
QH,12830137.2
QHDG,0.0
QLDY,0.0
QLYS,3930570151.27
QMCO,233476562.55
QMID,0.0
QMMM,5844849934.8
QMOM,0.0
QNCX,20146034.71
QNRX,8897291.74
QNST,654302764.3
QNTM,31225192.4
QNXT,0.0
QOWZ,0.0
QPUX,0.0
QQA,0.0
QQDN,0.0
QQEW,0.0
QQHG,0.0
QQLV,0.0
QQMG,0.0
QQQ,292548951000.0
QQQA,0.0
QQQE,0.0
QQQG,0.0
QQQH,0.0
QQQI,0.0
QQQJ,0.0
QQQM,0.0
QQQP,0.0
QQQS,0.0
QQQT,0.0
QQQX,1522907330.58
QQQY,0.0
QQUP,0.0
QQWZ,0.0
QQXL,0.0
QQXT,0.0
QRHC,28870712.81
QRMI,0.0
QRVO,9217671973.29
QS,5066244681.84
QSEA,119803950.0
QSEAU,0.0
QSI,235408968.97
QSIAW,0.0
QSIX,0.0
QSML,0.0
QTEC,0.0
QTEX,100170688.6
QTEXW,0.0
QTI,54426675.0
QTOP,0.0
QTR,0.0
QTRX,166284112.93
QTTB,206698698.85
QTUM,0.0
QUBT,2525991854.4
QUCY,56007444.84
QUIK,408538200.0
QUMS,116461896.5
QUMSU,0.0
QURE,1884456451.8
QVAL,0.0
QVOL,0.0
QXL,60547219.68
QXQ,0.0
QYLD,0.0
QYLG,0.0
RAA,0.0
RAAQ,203550000.0
RAAQU,0.0
RAAQW,0.0
RACC,80782250.0
RADX,35395410.85
RAIL,140658478.8
RAIN,17888378.2
RAINW,0.0
RAND,30945461.88
RANG,170157875.0
RANGU,0.0
RANI,98902453.76
RAPP,1769596373.0
RARE,2207143509.84
RAUS,0.0
RAVE,39934500.46
RAY,9522614.4
RAYA,3600795.36
RBB,398332085.76
RBBN,549553889.04
RBCAA,1415260788.48
RBIL,0.0
RBKB,181716199.94
RBNE,6900758.55
RCAT,2098731334.35
RCAX,0.0
RCEL,128031026.24
RCGE,0.0
RCKT,318845163.08
RCKTW,0.0
RCKY,276692608.47
RCMT,167480318.82
RCON,46614101.16
RCT,36804456.12
RDAC,42906926.3
RDACU,0.0
RDAG,310200000.0
RDAGU,41500800.0
RDAGW,0.0
RDCM,245719374.36
RDGT,1618030.8
RDHL,5191260.0
RDI,24612903.9
RDIB,14957251.0
RDNT,4078757821.32
RDNW,296736255.2
RDTL,0.0
RDTY,0.0
RDVT,752852024.56
RDVY,0.0
RDWR,1252795727.3
RDZN,156142852.7
RDZNW,0.0
REAI,0.0
REAL,1098848079.36
REAX,345523265.64
REBN,14045008.05
RECT,19575000.0
REE,12232284.12
REFI,234551941.68
REFR,26499517.36
REG,13972116044.9
REGCO,0.0
REGCP,0.0
REGN,63765396339.7
REIT,0.0
REKR,107334329.7
RELL,206458938.99
RELY,4154370088.67
REMG,0.0
RENT,124223347.22
RENX,4469729.67
REPL,824074737.62
RETO,7749428.37
REVB,4064756.8
REVBW,0.0
REXC,0.0
REYN,4539929300.58
RFAI,91864852.65
RFAIU,119900000.0
RFAM,137800663.37
RFAMU,0.0
RFDI,0.0
RFEM,0.0
RFIL,197360372.75
RGC,11744111565.0
RGCO,231767364.12
RGEN,6866514190.2
RGLD,18398230647.58
RGLO,0.0
RGNX,345857084.49
RGP,151049113.6
RGS,67467006.0
RGTI,8007487260.63
RGTIW,0.0
RGTX,0.0
RGTZ,0.0
RGYY,0.0
RIBB,38942471.54
RIBBU,67676200.0
RICK,186678690.0
RIFR,0.0
RIGL,560613024.0
RILY,353483235.84
RILYG,0.0
RILYL,0.0
RILYN,0.0
RILYP,0.0
RILYT,0.0
RILYZ,0.0
RIME,10643911.02
RING,849390000.0
RINT,0.0
RIOT,10455881509.5
RITR,22360537.5
RIVN,24462687880.89
RJET,826071956.64
RKDA,2056884.0
RKLB,66396099382.5
RKLX,0.0
RKLZ,0.0
RKNG,0.0
RKTO,44988145.72
RLAY,3334487079.6
RLMD,663955111.59
RLYB,93206000.0
RMBI,140047552.24
RMBS,18454654788.22
RMCF,16259968.98
RMCO,38656870.35
RMCOW,0.0
RMIX,878502011.98
RMNI,377644800.0
RMR,322028553.81
RMSG,4232196.53
RMSGW,0.0
RMTI,26839803.32
RNA,208175675.31
RNAC,183928277.64
RNAZ,4789522.08
RNEM,0.0
RNGT,238492800.0
RNGTU,0.0
RNGTW,0.0
RNIN,0.0
RNRG,0.0
RNTX,87249812.64
RNW,1536461562.5
RNWWW,0.0
RNXT,41040211.03
ROAD,5297612889.6
ROBT,0.0
ROC,87768584.2
ROCK,1116178011.97
ROCQ,0.0
ROCY,0.0
ROE,0.0
ROIV,20643060049.5
ROKU,16031624151.4
ROMA,390502309.1
ROOT,734230542.2
ROP,33474287980.3
ROST,74620093899.12
RPAY,302223474.8
RPD,511922533.88
RPGL,3264918.93
RPID,88831668.8
RPRX,24366777496.88
RR,494048431.63
RRBI,590910619.04
RREV,0.0
RREVU,0.0
RRGB,81583460.91
RRR,3327279230.94
RSSS,73919045.72
RSVR,665809779.96
RSVRW,0.0
RTAC,252367500.0
RTACU,0.0
RTACW,0.0
RTB,22001648.91
RTH,0.0
RTXG,0.0
RTYY,0.0
RUBI,1957798.8
RUM,1802586943.36
RUMBW,0.0
RUN,3542456911.95
RUNN,0.0
RUSC,0.0
RUSHA,4070335215.13
RUSHB,1081306934.9
RVMD,33162922107.38
RVMDW,0.0
RVNL,0.0
RVSB,114751132.02
RVSN,10456727.22
RVSNW,0.0
RWAY,266677348.88
RWAYI,0.0
RWAYL,0.0
RWIN,0.0
RXRX,1820632191.55
RXST,198289757.11
RXT,1298449219.79
RYAAY,29760629499.45
RYET,32433603.48
RYM,52911531.36
RYOJ,34996500.0
RYTM,5810561653.54
RZLT,441018875.98
RZLV,1024986898.59
RZLVW,0.0
SAAQ,250637000.0
SAAQU,0.0
SABR,727376422.32
SABS,256919355.84
SABSW,0.0
SAFT,1001410198.8
SAFX,149653568.25
SAGT,17314500.0
SAIA,12356326749.78
SAIC,4850419443.87
SAIH,12522134.84
SAIHW,0.0
SAIL,10425551149.06
SAMG,85268213.1
SANA,868269760.8
SANG,118472492.4
SANM,15153151639.2
SARK,0.0
SATA,0.0
SATG,0.0
SATL,1079265815.04
SATLW,0.0
SATS,19161590218.4
SBAC,20849867881.86
SBC,314911215.01
SBCF,2849330419.6
SBCWW,0.0
SBET,1092551222.48
SBFG,131965710.51
SBFM,4300140.04
SBFMW,0.0
SBGI,654991967.85
SBLK,3030295259.42
SBRA,4562118818.55
SBU,0.0
SBUX,109285833000.0
SCA,400135150.0
SCAG,28317769.35
SCAGW,0.0
SCDS,0.0
SCHL,742058431.1
SCII,176100300.0
SCIIU,155295900.0
SCKT,7581681.36
SCLS,0.0
SCLX,50426638.68
SCLXW,0.0
SCNI,1781906.4
SCNX,15439709.7
SCOR,119693009.28
SCPQ,103086000.0
SCPQU,0.0
SCSC,932286145.23
SCVL,468330444.24
SCWO,43388849.92
SCYX,46374636.43
SCZ,0.0
SCZM,690918207.55
SDA,77238315.72
SDAWW,0.0
SDG,0.0
SDGR,978759007.83
SDHI,291393340.0
SDHIU,0.0
SDM,58691250.0
SDOT,5933250.0
SDSI,0.0
SDST,23804385.75
SDSTW,0.0
SDTY,0.0
SDVY,0.0
SEAT,95810223.92
SEATW,0.0
SEDG,4501763312.04
SEED,13221264.0
SEEM,0.0
SEER,102265684.86
SEGG,27347096.33
SEIC,10464951641.76
SEIE,0.0
SEIS,0.0
SELF,58593485.16
SELX,19943154.18
SEMY,0.0
SENEA,737720927.7
SENEB,227083455.5
SENS,350803924.8
SEPN,1377057533.15
SERA,78291480.3
SERV,701143503.44
SETM,0.0
SEV,53688372.92
SEVN,191840693.73
SEZL,3806242280.61
SFBC,98296230.64
SFD,10112365659.1
SFHG,5243200.0
SFIX,416343353.86
SFLO,0.0
SFM,7427618892.98
SFNC,3023138115.56
SFST,531285721.35
SFWL,35743411.44
SGA,59439461.12
SGC,198083400.83
SGHT,236139148.28
SGLY,2844461.88
SGML,1698900033.36
SGMT,419724387.18
SGP,620523068.8
SGRP,18093593.52
SGRY,1766948068.62
SHAZ,1330127511.9
SHBI,668784060.69
SHC,4354499998.38
SHEN,873534395.79
SHFS,2840550.24
SHFSW,0.0
SHIM,158206577.6
SHIP,337373842.86
SHLS,2078692812.63
SHMD,371081546.88
SHMDW,0.0
SHOO,3201142096.8
SHOP,137739480963.5
SHPH,3042670.8
SHPU,0.0
SHRY,0.0
SHY,17156321000.0
SIBN,617342019.36
SIDU,417202036.68
SIEB,73693684.8
SIFY,1158329904.0
SIGA,307696376.13
SIGI,5119442655.2
SIGIP,0.0
SILC,250956125.16
SILO,99714166.05
SIMA,38512005.12
SIMAU,304750000.0
SIMAW,0.0
SIMO,10395124975.95
SINT,9675184.96
SION,1657017111.0
SIRI,9452287802.88
SITM,18814339157.0
SJ,47840629.1
SJCP,0.0
SJLD,0.0
SKBL,71533881.74
SKIN,81648025.2
SKK,5440025.85
SKOR,0.0
SKRE,0.0
SKWD,1732405167.45
SKYA,54595596.72
SKYE,27060665.94
SKYQ,9349559.7
SKYT,1887980578.74
SKYU,0.0
SKYW,3220018214.39
SKYX,154656698.9
SKYY,0.0
SLAB,7227306873.99
SLDB,674379801.1
SLDE,1854714192.74
SLDP,746945857.44
SLDPW,0.0
SLE,5094193.68
SLGB,21930000.0
SLGL,233732856.5
SLM,4077380551.9
SLMBP,32700714059.52
SLMT,46801680.84
SLN,302773869.33
SLNG,83683354.5
SLNH,242930925.16
SLNHP,0.0
SLP,326722643.94
SLQD,0.0
SLRC,704845871.28
SLS,1610420781.06
SLSN,88996880.7
SLVO,0.0
SLVR,0.0
SLXN,2036315.7
SLXNW,0.0
SMBC,743555160.0
SMCF,0.0
SMCI,28519264416.44
SMCL,0.0
SMCO,0.0
SMCX,0.0
SMCZ,0.0
SMH,7444867110.0
SMHX,0.0
SMID,158931292.3
SMMT,11696771060.15
SMOM,0.0
SMPL,1032479763.84
SMRI,0.0
SMSI,20701500.48
SMST,0.0
SMTC,15230215968.0
SMTI,192168429.93
SMTK,6219401.77
SMX,10367500.0
SMXT,29591417.44
SMXWW,0.0
SMYY,0.0
SNAG,0.0
SNAL,11237471.82
SNBR,24662430.0
SND,219226973.1
SNDK,271226391777.0
SNDL,367023000.0
SNDX,1625107895.18
SNES,8220310.3
SNEX,8643960668.72
SNFCA,207220764.01
SNGX,7115603.52
SNOA,4203000.34
SNPS,95360533436.5
SNSE,21269764.85
SNSR,0.0
SNT,63695412.69
SNTG,6564460.5
SNTI,30521858.92
SNWV,134144025.6
SNY,101423962955.74
SNYR,3724970.75
SOBR,3199480.68
SOCA,181779000.0
SOCAU,0.0
SOCAW,0.0
SOCL,0.0
SOFA,0.0
SOFI,21396123216.0
SOFX,0.0
SOGP,38317629.63
SOHU,353235248.1
SOLC,0.0
SOLS,13752450041.8
SOLT,0.0
SOLZ,0.0
SONM,7277630.52
SONO,1872702708.12
SOPH,343157949.48
SORA,61911360.0
SORN,261422000.0
SORNU,0.0
SOTK,82497171.75
SOUN,3233892554.16
SOUNW,0.0
SOUX,0.0
SOWG,31387382.52
SOXQ,0.0
SOXX,4709952000.0
SPAI,123506713.83
SPAM,0.0
SPAQ,0.0
SPBC,0.0
SPCB,61312373.62
SPCK,0.0
SPCT,0.0
SPEG,117875000.0
SPEGU,0.0
SPFI,757788943.32
SPHL,5677569.8
SPIT,0.0
SPKL,71410363.85
SPKLU,0.0
SPKLW,0.0
SPOG,0.0
SPOK,221193435.9
SPPL,36991775.52
SPRB,134999235.9
SPRC,5422878.78
SPRO,162124180.4
SPRX,0.0
SPRY,868903542.5
SPSC,2039390596.1
SPT,393249150.44
SPTX,913669286.91
SPWH,56578702.75
SPWR,153110646.15
SPWRW,0.0
SPXD,0.0
SPYQ,0.0
SQFT,3491982.9
SQFTP,0.0
SQFTW,0.0
SQLV,0.0
SQQQ,0.0
SQS,0.0
SRAD,2926883083.92
SRBK,137392516.8
SRCE,1750771131.34
SRET,0.0
SRPT,1714557845.28
SRRK,5349137008.32
SRTA,537329999.7
SRTS,46752247.56
SRZN,285266815.47
SRZNW,0.0
SSAC,179824919.42
SSACU,0.0
SSBI,91754177.3
SSEA,77885884.2
SSEAU,0.0
SSII,862566915.85
SSM,5827571.06
SSNC,16369489630.83
SSP,283404843.12
SSRM,5994417041.19
SSS,0.0
SSSS,370979059.84
SSSSL,0.0
SSTI,98449921.2
SSYS,855117900.0
STAA,1407022868.7
STAK,36137359.89
STBA,1585501366.02
STEP,3563670171.39
STEX,111574054.19
STFS,11554437.5
STGW,1633357860.0
STHO,107161423.71
STI,39038242.32
STIM,96727097.6
STKE,49505327.52
STKH,2000206.25
STKS,58393956.85
STLD,39677262436.53
STNC,0.0
STNE,2438443939.68
STOK,1834817556.3
STRA,1787550456.45
STRC,0.0
STRD,813999593.0
STRF,0.0
STRK,0.0
STRL,29367378556.62
STRO,450384532.02
STRR,42644886.9
STRRP,0.0
STRS,222079353.86
STRT,326782081.8
STRZ,457510196.25
STTK,364232455.75
STX,212833103000.04
SUGP,658817.64
SUIG,105170000.0
SUIS,0.0
SUJA,306398456.0
SUMA,174308062.5
SUMAU,0.0
SUNE,5030189.32
SUNS,114769560.45
SUPN,2556069312.84
SUPP,0.0
SUPX,422500728.77
SURG,13314604.35
SUSB,0.0
SUSC,0.0
SUSL,0.0
SVA,642436734.88
SVAC,244720000.0
SVACU,299733708.0
SVACW,0.0
SVAQ,221993100.0
SVAQU,0.0
SVC,1074363555.26
SVCC,164416350.0
SVCCU,229982536.0
SVCCW,0.0
SVCO,424035696.68
SVIV,232530000.0
SVIVU,0.0
SVRA,1075867863.0
SVRE,3849072.92
SVREW,0.0
SVRN,23822863.2
SWAG,42232853.25
SWAGW,0.0
SWBI,661621988.15
SWIM,619933189.92
SWKHL,0.0
SWKS,12131744975.58
SWMR,790898399.28
SWP,0.0
SWVL,15345089.76
SWVLW,0.0
SXTC,7712473.21
SXTP,3855967.6
SXTPW,0.0
SY,165321725.4
SYBT,2047763743.44
SYM,6005839553.31
SYNA,5601691571.3
SYPR,71564614.3
SYRE,6384568920.56
SYZ,0.0
SZZL,244024000.0
SZZLU,0.0
TACH,287040000.0
TACHU,0.0
TACHW,0.0
TACO,392070937.5
TACOU,0.0
TACOW,0.0
TACT,46859832.24
TALK,872740468.86
TALKW,0.0
TANH,6157150.65
TAOP,12227562.24
TAOX,29663566.07
TAOZ,0.0
TARA,237181880.14
TARK,0.0
TARS,2528087830.84
TASK,214156694.46
TATT,555937926.34
TAVI,168760829.8
TAVIU,156187125.0
TAX,0.0
TAXE,0.0
TAXI,0.0
TAXS,0.0
TAXT,0.0
TAYD,169260908.96
TBBK,2166656205.56
TBCH,247100391.45
TBH,16914760.64
TBIL,0.0
TBLA,1111811115.56
TBLAW,0.0
TBLD,707084701.32
TBPH,820723839.6
TBRG,389527561.92
TC,234005296.38
TCAN,0.0
TCBI,4320802704.66
TCBIO,0.0
TCBK,1571596557.5
TCBS,48763124.8
TCHI,0.0
TCMD,549696056.2
TCOM,30188068342.68
TCPC,312957350.75
TCRT,6398422.52
TCRX,59242002.13
TCX,148284000.9
TDAC,185265000.0
TDACU,0.0
TDACW,2637200.0
TDI,0.0
TDIC,10212629.74
TDIV,0.0
TDOG,0.0
TDOT,0.0
TDSB,0.0
TDSC,0.0
TDTH,14929834.44
TDUP,495260565.55
TDWD,179017700.0
TDWDU,0.0
TEAD,120269373.2
TEAM,16207664894.85
TECH,7961520988.35
TECX,536262266.12
TECY,0.0
TEKX,0.0
TEKY,0.0
TELA,38498885.56
TELO,84593195.88
TEM,8291491664.78
TENB,3273974878.37
TENX,285675962.43
TER,64130627506.54
TERG,0.0
TEXN,0.0
TEXX,0.0
TFGZ,0.0
TFNS,0.0
TFSL,4447653756.26
TGHL,12339170.1
TGL,7172103.0
TGTX,6140182393.8
TH,1698928049.96
THCH,56063925.75
THFF,804011088.56
THH,17516187.5
THMZ,0.0
THRM,1159530234.9
THRV,0.0
THRY,160546225.32
THYM,0.0
THYP,0.0
TIGO,14420292085.08
TIGR,804142304.71
TIL,55815662.48
TILE,1688854625.28
TIPT,645078187.75
TITN,558254549.65
TJGC,61711000.0
TKLF,8253922.95
TKNO,275039963.64
TKNS,0.0
TLA,0.0
TLF,19218822.84
TLG,0.0
TLIH,11291270.4
TLN,17231490707.13
TLNC,264493700.0
TLNCU,0.0
TLNCW,0.0
TLPH,39962728.96
TLRY,611177579.53
TLS,326959794.75
TLSA,150165774.58
TLSI,195304581.3
TLSIW,0.0
TLT,9358507000.0
TLX,2971074719.73
TMB,0.0
TMC,2651313364.56
TMCI,220568118.4
TMCR,706984690.92
TMCWW,0.0
TMDX,2408549887.59
TMED,0.0
TMNL,0.0
TMNS,0.0
TMSF,0.0
TMTS,230000000.0
TMTSU,0.0
TMUS,196366045899.65
TMUSI,0.0
TMUSL,0.0
TMUSZ,0.0
TMYY,0.0
TNDM,1235579474.67
TNGX,3105592173.54
TNMG,1729442.22
TNON,7291259.64
TNONW,0.0
TNXP,181725131.4
TNXT,0.0
TNYA,171429112.04
TOI,422927806.59
TOIIW,0.0
TOMZ,22568483.6
TONX,212555119.92
TOP,29552562.87
TORO,146857107.56
TOUR,56668366.4
TOWN,3027443503.8
TOYO,621135500.65
TPCS,39744988.04
TPG,6251090214.02
TPGXL,0.0
TPLS,0.0
TPST,18804886.19
TQQQ,0.0
TQQY,0.0
TRAW,21968470.05
TRAX,534551276.92
TRBF,0.0
TRDA,255439653.28
TREE,502587708.36
TRGS,206067160.0
TRGSU,0.0
TRI,36420435170.91
TRIB,14175608.3
TRIN,1518202425.39
TRINI,0.0
TRINZ,0.0
TRIP,1389352357.86
TRMB,12942351534.88
TRMD,2883681714.06
TRMK,2512419799.89
TRNR,1864748.8
TRNS,842530959.6
TRON,882350639.04
TROO,458100622.5
TROW,22285869690.06
TRS,1400145929.8
TRSG,18987510.85
TRST,887545650.69
TRUC,0.0
TRUD,0.0
TRUF,0.0
TRUG,1706137.68
TRUH,0.0
TRUI,0.0
TRUO,0.0
TRUP,936095329.12
TRUT,0.0
TRVG,95375390.01
TRVI,1909627072.6
TSAT,706812313.45
TSBK,314135753.89
TSCM,0.0
TSCO,15282461810.24
TSDD,0.0
TSEL,0.0
TSEM,30226930747.04
TSHA,1594853661.0
TSL,0.0
TSLA,1591300204142.7
TSLG,0.0
TSLL,0.0
TSLQ,0.0
TSLR,0.0
TSLS,0.0
TSMG,0.0
TSMU,0.0
TSMX,0.0
TSMZ,0.0
TSPY,0.0
TSSI,391070207.08
TSUI,0.0
TSYX,0.0
TSYY,0.0
TTAN,6009172767.18
TTD,8779114489.92
TTEC,110941108.68
TTEK,7214786632.2
TTEQ,0.0
TTGT,300765682.88
TTMI,19689971186.4
TTRX,179324000.8
TTWO,40066865875.4
TUG,0.0
TUGN,0.0
TULP,17515284.19
TUR,613010500.0
TURB,20789652.2
TURF,0.0
TUSK,171969209.79
TVA,236700000.0
TVACU,0.0
TVACW,0.0
TVAI,211021250.0
TVAIU,0.0
TVGN,37938795.3
TVGNW,0.0
TVRD,27674964.8
TVTX,4203279306.0
TW,11653491563.23
TWAV,4907731.58
TWFG,241746283.2
TWG,52278287.61
TWIN,259755114.27
TWLV,177450000.0
TWLVU,0.0
TWST,4504084141.62
TXG,3758774514.72
TXMD,22801493.14
TXN,280845534374.69
TXRH,10923604716.85
TXUE,0.0
TXUG,0.0
TXXD,0.0
TXXH,0.0
TXXS,0.0
TYGO,263410455.18
TYRA,1706205230.89
TZOO,99507583.12
UAE,0.0
UAL,34125261201.92
UBCP,91918377.0
UBND,0.0
UBRL,0.0
UBSI,5867463962.2
UBXG,4580302.53
UCAR,36502304.16
UCFI,287814756.33
UCL,24590704.4
UCRD,0.0
UCTT,4148863977.6
UCYB,0.0
UECG,0.0
UEIC,50268601.96
UEVM,0.0
UFCS,1107833247.88
UFG,6674200.0
UFIV,0.0
UFO,0.0
UFOX,0.0
UFPI,4534232864.4
UFPT,1689283261.26
UG,32114289.81
UGRO,4243621.95
UITB,0.0
UIVM,0.0
UK,1871493.72
ULBI,115097582.79
ULCC,1309799209.5
ULH,429034872.57
ULTA,20256993236.31
ULTI,0.0
ULVM,0.0
UMBF,9599912156.45
UMBFO,0.0
UMMA,0.0
UNB,105384947.68
UNCY,192240194.4
UNHG,0.0
UNIT,2726819771.96
UNIY,0.0
UNTY,529757989.52
UONE,3911400.0
UONEK,15830571.04
UPB,415224493.18
UPBD,1042874758.14
UPC,2173257.84
UPGR,0.0
UPLD,24371456.83
UPSG,0.0
UPST,2899103425.01
UPWK,1057315252.72
UPXI,70964446.28
URBN,6212084889.6
URGN,1295997246.6
URNJ,0.0
UROY,529198950.27
USAF,0.0
USAR,6845565171.46
USAU,254282921.83
USCB,329298117.0
USCL,0.0
USDX,0.0
USEA,24799161.4
USEG,55459654.74
USFI,0.0
USGG,0.0
USGO,124329650.2
USIG,0.0
USIN,0.0
USIO,42221870.82
USLM,3050623476.16
USMC,0.0
USOI,0.0
USOY,0.0
USRD,0.0
USSH,0.0
USTB,0.0
USVM,0.0
USVN,0.0
USXF,0.0
UTEN,0.0
UTHR,23323206381.51
UTHY,0.0
UTMD,208649158.25
UTRE,0.0
UTSI,25444214.8
UTWO,0.0
UTWY,0.0
UUUG,0.0
UVSP,1086821652.06
UXIN,501244839.84
UYLD,0.0
UYSC,55813131.4
UYSCU,85138125.0
UZX,29036831.6
VABK,219177975.46
VACH,246928000.0
VACHU,0.0
VACHW,0.0
VALG,0.0
VALN,529114895.64
VALU,300391616.0
VANI,110380933.12
VAVX,0.0
VBCA,0.0
VBCB,0.0
VBCC,0.0
VBCD,0.0
VBCE,0.0
VBCF,0.0
VBCG,0.0
VBCH,0.0
VBCI,0.0
VBCJ,0.0
VBIL,0.0
VBIO,2048527.36
VBNB,0.0
VBNK,646167638.79
VC,3287368686.15
VCEL,1774110240.72
VCIG,49976568.12
VCIT,0.0
VCLT,0.0
VCRB,0.0
VCSH,0.0
VCTR,5314518698.94
VCYT,3885103982.43
VECO,3690084503.1
VEEA,24699707.83
VEEAW,0.0
VEEE,3340072.3
VEFA,0.0
VELO,584397649.22
VEON,3642788317.87
VERA,2244651408.08
VERI,169177009.82
VERU,36113220.0
VERX,1018867899.1
VFF,274292846.4
VFLO,0.0
VFS,7907631713.8
VFSWW,0.0
VGAS,33294927.71
VGASW,0.0
VGIT,0.0
VGLT,0.0
VGSH,0.0
VGSR,0.0
VGUS,0.0
VHC,63415657.8
VHCP,230230000.0
VHCPU,0.0
VHUB,159908771.16
VIASP,0.0
VIAV,12931261615.74
VICR,11191271940.72
VIGI,0.0
VINP,495188753.9
VIOT,31082867.2
VIR,1479077811.98
VIRC,85568713.92
VISN,2754205194.51
VITL,422914240.98
VIVK,5670254.04
VIVO,96376006.3
VIVS,3647093.94
VKTX,3405378509.19
VLGEA,420401153.0
VLY,7430903119.98
VLYPN,0.0
VLYPO,8297244760.0
VLYPP,8300559680.0
VMAR,717914.64
VMBS,0.0
VMD,366499827.12
VMET,1367151134.19
VNCE,55885728.9
VNDA,366225572.58
VNET,2887868807.48
VNME,204200000.0
VNMEU,0.0
VNMEW,2400000.0
VNOM,9104799903.2
VNQI,0.0
VOD,34655245626.4
VOLT,0.0
VONE,0.0
VONG,0.0
VONV,0.0
VOR,728258186.88
VOTE,0.0
VOXR,384471742.68
VPLS,0.0
VRA,94130614.12
VRAX,1781623.68
VRCA,100839473.82
VRDN,1805492600.7
VREX,427786822.75
VRIG,0.0
VRM,51659659.84
VRME,8920964.2
VRNS,3847422166.5
VRRM,627374476.89
VRSK,23365124727.2
VRSN,27034280000.0
VRTL,0.0
VRTX,0.0
VS,7499565.81
VSA,3779798.75
VSAT,9507930507.86
VSDA,0.0
VSEC,4938900466.56
VSECU,0.0
VSEE,8261901.57
VSEEW,0.0
VSME,2295008.1
VSMV,0.0
VSNT,5674444850.4
VSOL,0.0
VSTD,4237494.0
VSTL,0.0
VSTM,318102573.18
VTC,0.0
VTGN,22187377.52
VTHR,0.0
VTIP,0.0
VTIX,103142280.94
VTRS,18120439296.24
VTSI,37538858.2
VTVT,129739262.76
VTWG,0.0
VTWO,0.0
VTWV,0.0
VUZI,341780440.38
VVOS,8892544.0
VWAV,140140253.04
VWAVW,0.0
VWOB,0.0
VXUS,0.0
VYGR,217516633.2
VYMI,0.0
VYNE,22012886.28
WABC,1291367765.9
WABF,0.0
WAFD,2553585868.8
WAFDP,0.0
WAFU,4939124.71
WAI,4573746.35
WALD,202190210.19
WALDW,0.0
WAMA,0.0
WARP,0.0
WASH,601710115.08
WATT,156451312.44
WAVE,56002377.76
WAY,3744187632.32
WB,1248597834.68
WBD,67692690954.0
WBTN,1537618880.1
WBUY,5150779.92
WCBR,0.0
WCLD,0.0
WCT,7466692.96
WDAF,0.0
WDAY,29526900000.0
WDC,204779100848.41
WDFC,2671570067.1
WDGF,0.0
WEEI,0.0
WEN,1304792384.0
WENN,308854350.0
WENNU,0.0
WENNW,0.0
WERN,2579653448.45
WEST,770707899.8
WETH,17062093.62
WETO,82820000.0
WEYS,326859206.58
WFCF,56036749.12
WFF,10529457.62
WFRD,7486707807.88
WGMI,0.0
WGRX,11033935.75
WGS,1574059191.54
WGSWW,0.0
WHF,146093009.92
WHFCL,0.0
WHLR,1748936.7
WHLRD,0.0
WHLRL,0.0
WHLRP,0.0
WHWK,214623689.42
WILC,469341405.0
WIMA,0.0
WIMI,28502012.64
WINA,1344130994.7
WING,3922849259.65
WISE,0.0
WIX,2305071065.88
WKEY,67456735.5
WKHS,39107306.0
WKSP,8646762.6
WLDN,1464822145.64
WLDS,5629998.6
WLDSW,0.0
WLFC,1370576616.64
WLII,150975017.7
WLIIU,0.0
WLTH,1758148447.44
WMG,4302240025.3
WMT,930219872427.95
WNEB,257803850.43
WNW,4430468.43
WOK,134118.05
WOOD,0.0
WOOF,755574490.05
WPRT,34095638.64
WRAP,73574490.0
WRD,2483002560.2
WRLD,747945000.0
WRND,0.0
WRTH,0.0
WSBC,3232628621.6
WSBCO,0.0
WSBF,328385561.58
WSBK,113711828.67
WSC,4691382079.68
WSE,10722836104.64
WSFS,3626949565.74
WSGE,0.0
WSHP,69948935.54
WSML,0.0
WSTN,60908400.0
WSTNU,0.0
WTBA,395562786.23
WTBN,0.0
WTF,148571413.76
WTFC,9983616843.12
WTFCN,0.0
WTG,75738072.75
WTGUU,0.0
WTIP,0.0
WTMU,0.0
WTMY,0.0
WTO,2112049.46
WTW,23704553016.48
WULF,12963133993.2
WVE,1108236683.52
WVVI,13345137.72
WVVIP,12907778.0
WW,161279998.8
WWD,20855788835.83
WXM,42821212.0
WYFI,1082356474.48
WYHG,42781288.8
WYNN,10892417208.55
XAIR,5584780.96
XAIX,0.0
XBCI,0.0
XBIL,0.0
XBIO,7652127.04
XBIT,72865677.09
XBP,27184195.5
XBPEW,0.0
XBTY,0.0
XCBE,223200000.0
XCBEU,0.0
XCH,40318286.72
XCNY,0.0
XCUR,20141640.92
XDEF,0.0
XE,7551540942.18
XEL,48312221248.4
XELB,12778415.31
XELLL,0.0
XENE,5167740303.0
XERS,1016861703.95
XEY,0.0
XFOR,374449193.12
XGN,109685669.06
XHG,46604623.0
XHLD,6089322.48
XLO,53587382.85
XMAG,0.0
XMAX,543799887.3
XMTR,4422627408.5
XNCR,846697026.32
XNDU,640609282.8
XNET,316995844.32
XOMA,522960951.0
XOMAO,0.0
XOMAP,0.0
XOMX,0.0
XOS,90435610.56
XOSWW,0.0
XOVR,0.0
XP,6472829391.6
XPEG,0.0
XPEL,1247410181.1
XPON,5833531.98
XQQI,0.0
XRAY,1931149224.12
XRPC,0.0
XRPI,0.0
XRPN,246821100.0
XRPNU,0.0
XRPNW,0.0
XRPT,0.0
XRTX,3841854.3
XRX,425033735.75
XSLL,206857167.89
XSLLU,0.0
XSPI,0.0
XT,0.0
XTIA,73877354.88
XTLB,5346274.08
XWEL,10977545.8
XXII,2183268.01
XXX,1119825504.0
XYZG,0.0
YAAS,14123579.94
YB,481660876.37
YBMN,0.0
YBST,0.0
YBTY,0.0
YDDL,146653993.6
YDES,255701159.06
YDESW,0.0
YDKG,5086853.88
YHC,17092967.2
YHGJ,9602017.92
YHNA,46544016.06
YHNAU,85250000.0
YI,27336030.64
YIBO,32260052.58
YJ,3902479.2
YLDE,0.0
YMAT,17302132.92
YMT,7180851.32
YNOT,0.0
YOKE,0.0
YOOV,121937870.04
YORW,475906193.04
YOUL,34390476.76
YQ,14158829.73
YQQQ,0.0
YSPY,0.0
YSWY,665499893.08
YSXT,27239278.5
YTRA,57785835.51
YXT,23741836.36
YYAI,9534727.05
YYGH,655708.8
Z,6399758323.65
ZAP,0.0
ZBAO,11554150.0
ZBIO,1098520759.8
ZBRA,11875004625.6
ZCMD,196088.3
ZD,1640648716.0
ZDAI,22039875.0
ZENA,131552559.0
ZEO,28111929.6
ZEOWW,0.0
ZG,1507601226.32
ZHOG,0.0
ZION,8937298800.92
ZIONP,0.0
ZJK,146603959.85
ZJYL,21915809.55
ZKIN,75079123.48
ZKP,293329400.0
ZKPU,0.0
ZLAB,1929132911.86
ZM,28105367392.8
ZMUN,0.0
ZNB,2723982.03
ZNTL,264813214.56
ZOOZ,47472621.8
ZOOZW,0.0
ZS,21728908874.25
ZSQR,549802660.17
ZSTK,11909307.9
ZTEK,56998084.15
ZTEN,0.0
ZTG,14201424.99
ZTOP,0.0
ZTRE,0.0
ZTWO,0.0
ZUMZ,398779735.42
ZURA,366239540.6
ZVRA,647901320.64
ZYBT,37913100.8
ZYME,1778111535.35
